2026-07-23 02:50:41,003 INFO    homeapm: Home APM sidecar starting: HA=http://localhost:8123 OTLP=http://localhost:4318
2026-07-23 02:50:41,084 INFO    homeapm.ws: Boot check OK: authenticated to Home Assistant 2026.7.3.
2026-07-23 02:50:41,110 INFO    homeapm.ws: subscribed to logbook/event_stream (#13 logs correlation)
2026-07-23 02:50:41,111 INFO    homeapm.ws: connected: subscribed to automation_triggered + state_changed
2026-07-23 02:50:41,117 INFO    homeapm.ws: primed 49 entities (8 automations mapped)
2026-07-23 02:50:55,844 INFO    homeapm: converted run fdacb12264d265305f279ad4b83ac430 -> trace da28617d8789f3dfa6b922af6a9c35e2 (7 spans)
2026-07-23 02:50:55,845 INFO    homeapm.ws: emitted trace for Hallway Lights 3AM (run fdacb12264d265305f279ad4b83ac430)
2026-07-23 02:50:55,965 INFO    homeapm: converted run c19ec87e697c98a6a59c5b746f553269 -> trace d22ec09d1663780890868a671046e313 (5 spans)
2026-07-23 02:50:55,965 INFO    homeapm.ws: emitted trace for [sim] Battery Nudge (run c19ec87e697c98a6a59c5b746f553269)
2026-07-23 02:50:56,020 INFO    homeapm: converted run 581a06cb9b485d464f9cefc85318f152 -> trace 7fc05139f84e561e67e455fecd4ac567 (10 spans)
2026-07-23 02:50:56,020 INFO    homeapm.ws: emitted trace for Garage Check (run 581a06cb9b485d464f9cefc85318f152)
2026-07-23 02:51:03,733 INFO    homeapm: converted run 5905bc07007cce19b26fd9b14172807e -> trace e509a9d7782db2456e06263f90a15163 (4 spans)
2026-07-23 02:51:03,733 INFO    homeapm.ws: emitted trace for [sim] Sensor Jitter (run 5905bc07007cce19b26fd9b14172807e)
2026-07-23 02:51:49,332 INFO    homeapm: converted run 30c33e02027a120584fef78f94a95465 -> trace 4962a61c535a496d259062b0155774a8 (8 spans)
2026-07-23 02:51:49,332 INFO    homeapm.ws: emitted trace for Morning Routine (run 30c33e02027a120584fef78f94a95465)
2026-07-23 02:52:00,310 INFO    homeapm: converted run 4349188c88b97968938bbd8b96a7a86b -> trace 0d20290d7d5fad2564c68ef6a4405cf2 (20 spans)
2026-07-23 02:52:00,311 INFO    homeapm.ws: emitted trace for Good Night (run 4349188c88b97968938bbd8b96a7a86b)
2026-07-23 02:52:02,409 INFO    homeapm: converted run 49a2f3c27a20aca4e6f2cb1eebc5136d -> trace 07354ce3db9c6951323c00cc0664717c (10 spans)
2026-07-23 02:52:02,410 INFO    homeapm.ws: emitted trace for Garage Check (run 49a2f3c27a20aca4e6f2cb1eebc5136d)
2026-07-23 02:52:06,364 INFO    homeapm: converted run e87bbbb60777f5cacbd8057cc74bdf18 -> trace c19605b54ac7bcf7d3b94d9953bbfa13 (4 spans)
2026-07-23 02:52:06,364 INFO    homeapm.ws: emitted trace for [sim] Sensor Jitter (run e87bbbb60777f5cacbd8057cc74bdf18)
2026-07-23 02:52:09,166 INFO    homeapm: converted run f384353d8e8102c15630592f6b37d38d -> trace e748c636daa57794c1f91f745cc713c2 (7 spans)
2026-07-23 02:52:09,166 INFO    homeapm.ws: emitted trace for Hallway Lights 3AM (run f384353d8e8102c15630592f6b37d38d)
2026-07-23 02:52:34,469 INFO    homeapm: converted run c64acd16697118ef12571ceedf9f0185 -> trace b624dba1530e3d3382eefffab5fbc8df (20 spans)
2026-07-23 02:52:34,469 INFO    homeapm.ws: emitted trace for Good Night (run c64acd16697118ef12571ceedf9f0185)
2026-07-23 02:52:55,108 INFO    homeapm: converted run 1929a9ae301ae63dd172f31c068a1d91 -> trace 980e4f9292711ba56dc43eefc991170a (5 spans)
2026-07-23 02:52:55,108 INFO    homeapm.ws: emitted trace for [sim] Battery Nudge (run 1929a9ae301ae63dd172f31c068a1d91)
2026-07-23 02:52:55,162 INFO    homeapm: converted run ea6283963f84b4c15084eb548447c02f -> trace ef737b88974a5dbcd39530e9d292711a (10 spans)
2026-07-23 02:52:55,163 INFO    homeapm.ws: emitted trace for Garage Check (run ea6283963f84b4c15084eb548447c02f)
2026-07-23 02:53:05,804 INFO    homeapm: converted run e2053f620bedbea22fbe9cb98f32206b -> trace e13be6680bd084778c0097a0668b027f (4 spans)
2026-07-23 02:53:05,806 INFO    homeapm.ws: emitted trace for [sim] Sensor Jitter (run e2053f620bedbea22fbe9cb98f32206b)
2026-07-23 02:54:05,180 INFO    homeapm: converted run 6b96ca9b3a64fee9aa5917b6c5966135 -> trace 2fe58ef85b6e886d42505c310623bd60 (4 spans)
2026-07-23 02:54:05,180 INFO    homeapm.ws: emitted trace for [sim] Sensor Jitter (run 6b96ca9b3a64fee9aa5917b6c5966135)
2026-07-23 02:54:11,134 INFO    homeapm: converted run d3dfcce4f1507436778a54a55310aad0 -> trace da38505bc830360cf17e040384800c1d (7 spans)
2026-07-23 02:54:11,134 INFO    homeapm.ws: emitted trace for Hallway Lights 3AM (run d3dfcce4f1507436778a54a55310aad0)
2026-07-23 02:54:33,521 INFO    homeapm: converted run f6c0d735d2f37be394574c78e92ca610 -> trace b62cef8003c8cdaec75ad5dee2a1d97d (20 spans)
2026-07-23 02:54:33,521 INFO    homeapm.ws: emitted trace for Good Night (run f6c0d735d2f37be394574c78e92ca610)
2026-07-23 02:54:54,215 INFO    homeapm: converted run 7eea4ccc62e0306f930daf082c3c64cb -> trace 2b6a2d995c3a53d02400443652bc44d3 (5 spans)
2026-07-23 02:54:54,217 INFO    homeapm.ws: emitted trace for [sim] Battery Nudge (run 7eea4ccc62e0306f930daf082c3c64cb)
2026-07-23 02:54:54,270 INFO    homeapm: converted run d9a9b518239ba4055eb10564de685207 -> trace 62d0ee7920892d4c2bfaee044e6bc791 (10 spans)
2026-07-23 02:54:54,270 INFO    homeapm.ws: emitted trace for Garage Check (run d9a9b518239ba4055eb10564de685207)
2026-07-23 02:55:04,822 INFO    homeapm: converted run 44c9eb6efe88474e9fcfbcdee543eaf0 -> trace d1cb6c89af1bb3c3886a4be88a27e501 (4 spans)
2026-07-23 02:55:04,822 INFO    homeapm.ws: emitted trace for [sim] Sensor Jitter (run 44c9eb6efe88474e9fcfbcdee543eaf0)
2026-07-23 02:55:05,529 INFO    homeapm: converted run 9fd294f259a2dc7763a20c74f125c68a -> trace f2365d863e470e13ee52b1e50cce1a5c (8 spans)
2026-07-23 02:55:05,530 INFO    homeapm.ws: emitted trace for Morning Routine (run 9fd294f259a2dc7763a20c74f125c68a)
2026-07-23 02:56:04,304 INFO    homeapm: converted run cdfe14e838911fb92fa247d1f83a1384 -> trace c08b9429f79a52dc154ee259474da2ae (4 spans)
2026-07-23 02:56:04,305 INFO    homeapm.ws: emitted trace for [sim] Sensor Jitter (run cdfe14e838911fb92fa247d1f83a1384)
2026-07-23 02:56:10,037 INFO    homeapm: converted run d7aa456a351ef3d5d85f5b948ae6c1cf -> trace 14c69e77e471cf4b422bee644bf95906 (7 spans)
2026-07-23 02:56:10,037 INFO    homeapm.ws: emitted trace for Hallway Lights 3AM (run d7aa456a351ef3d5d85f5b948ae6c1cf)
2026-07-23 02:56:34,363 INFO    homeapm: converted run ddbff913e7b4e373395428ddca508398 -> trace d52bce8c6e815b149c5e948e1fc821ed (20 spans)
2026-07-23 02:56:34,364 INFO    homeapm.ws: emitted trace for Good Night (run ddbff913e7b4e373395428ddca508398)
2026-07-23 02:56:56,279 INFO    homeapm: converted run 2228610f704411c1a741ce094391e40c -> trace 63e9e454d75c0238b879f3131a67d8d3 (5 spans)
2026-07-23 02:56:56,279 INFO    homeapm.ws: emitted trace for [sim] Battery Nudge (run 2228610f704411c1a741ce094391e40c)
2026-07-23 02:56:56,333 INFO    homeapm: converted run 59fb83af21c67b7809e4cc9286bb447d -> trace c443f79c29e2ae4959f8217cd9914c2c (10 spans)
2026-07-23 02:56:56,333 INFO    homeapm.ws: emitted trace for Garage Check (run 59fb83af21c67b7809e4cc9286bb447d)
2026-07-23 02:57:03,965 INFO    homeapm: converted run 5a85867410a82f4ba8fc9cc6c9c50de0 -> trace 4f8946c06be10e47a1e2c52a384c7061 (4 spans)
2026-07-23 02:57:03,966 INFO    homeapm.ws: emitted trace for [sim] Sensor Jitter (run 5a85867410a82f4ba8fc9cc6c9c50de0)
2026-07-23 02:58:06,355 INFO    homeapm: converted run 1c73b4b158508a961bb2121690a9cdba -> trace 92dbda417e540ce119ead885a4a2b7b9 (4 spans)
2026-07-23 02:58:06,357 INFO    homeapm.ws: emitted trace for [sim] Sensor Jitter (run 1c73b4b158508a961bb2121690a9cdba)
2026-07-23 02:58:09,301 INFO    homeapm: converted run 52d719c0cf5ad435212cba0c89e39b4f -> trace 55dea77517dc2ac8d59a02074776b910 (7 spans)
2026-07-23 02:58:09,301 INFO    homeapm.ws: emitted trace for Hallway Lights 3AM (run 52d719c0cf5ad435212cba0c89e39b4f)
2026-07-23 02:58:09,980 INFO    homeapm: converted run 237ac0187ff00f0cab1e84d6106f11d4 -> trace bc154d9a53cccc5295567978fa7fe0da (8 spans)
2026-07-23 02:58:09,981 INFO    homeapm.ws: emitted trace for Morning Routine (run 237ac0187ff00f0cab1e84d6106f11d4)
2026-07-23 02:58:34,584 INFO    homeapm: converted run c9e0aed8ab4e2b3b362ad34674d1e79a -> trace c67551567253233e44c8ea92b8450906 (20 spans)
2026-07-23 02:58:34,585 INFO    homeapm.ws: emitted trace for Good Night (run c9e0aed8ab4e2b3b362ad34674d1e79a)
2026-07-23 02:58:55,146 INFO    homeapm: converted run 011d15ee7ca81f5e568e330317bfdb61 -> trace 3ca92dcec6acef269447698be862ddf9 (5 spans)
2026-07-23 02:58:55,146 INFO    homeapm.ws: emitted trace for [sim] Battery Nudge (run 011d15ee7ca81f5e568e330317bfdb61)
2026-07-23 02:58:55,202 INFO    homeapm: converted run fbd528faa9fad263036412f9a574fa2a -> trace c9b3a93303020a4d003a2db3d5c8966d (10 spans)
2026-07-23 02:58:55,202 INFO    homeapm.ws: emitted trace for Garage Check (run fbd528faa9fad263036412f9a574fa2a)
2026-07-23 02:59:05,879 INFO    homeapm: converted run 70ce2d5f1c4e38a6add765462db13696 -> trace 58d2588a0d8085aefb69b1cc029321f7 (4 spans)
2026-07-23 02:59:05,880 INFO    homeapm.ws: emitted trace for [sim] Sensor Jitter (run 70ce2d5f1c4e38a6add765462db13696)
2026-07-23 03:00:05,242 INFO    homeapm: converted run f5a16fd183f90d2d4be893eb16eeb8ad -> trace 33ea2797483c3df2dae019e9b259fb40 (4 spans)
2026-07-23 03:00:05,242 INFO    homeapm.ws: emitted trace for [sim] Sensor Jitter (run f5a16fd183f90d2d4be893eb16eeb8ad)
2026-07-23 03:00:11,134 INFO    homeapm: converted run db4ba24c4fc9205ef603462455d9dd87 -> trace 7aa298f64842935ed64dd500bba80a30 (7 spans)
2026-07-23 03:00:11,135 INFO    homeapm.ws: emitted trace for Hallway Lights 3AM (run db4ba24c4fc9205ef603462455d9dd87)
2026-07-23 03:00:33,522 INFO    homeapm: converted run 5e6bcec341aa55b052d66d1bad19716d -> trace ca989b21201b4182bbd722c486936a22 (20 spans)
2026-07-23 03:00:33,522 INFO    homeapm.ws: emitted trace for Good Night (run 5e6bcec341aa55b052d66d1bad19716d)
2026-07-23 03:00:54,228 INFO    homeapm: converted run 7e3b87e40b123db388f335195bc55346 -> trace 821164c8e7276cb05c7825fc72056b2a (5 spans)
2026-07-23 03:00:54,228 INFO    homeapm.ws: emitted trace for [sim] Battery Nudge (run 7e3b87e40b123db388f335195bc55346)
2026-07-23 03:00:54,282 INFO    homeapm: converted run 3b05c4738a8429aa30e0225112518812 -> trace 6b169ef89d81c98881f4eca7d71f90ad (10 spans)
2026-07-23 03:00:54,282 INFO    homeapm.ws: emitted trace for Garage Check (run 3b05c4738a8429aa30e0225112518812)
2026-07-23 03:01:04,802 INFO    homeapm: converted run 5004617d28c13caf7e3cf711c0952d04 -> trace c89131201b92b9816c549b138c7c5ca8 (4 spans)
2026-07-23 03:01:04,804 INFO    homeapm.ws: emitted trace for [sim] Sensor Jitter (run 5004617d28c13caf7e3cf711c0952d04)
2026-07-23 03:01:05,440 INFO    homeapm: converted run e8faf67274bcbf5c0db1650b1fd42393 -> trace fced95a5b7cfff4b81b5021d7b5a13bc (8 spans)
2026-07-23 03:01:05,441 INFO    homeapm.ws: emitted trace for Morning Routine (run e8faf67274bcbf5c0db1650b1fd42393)
2026-07-23 03:02:04,260 INFO    homeapm: converted run 98eaa40b11f672c6d6657637582406e6 -> trace 4074a113e73f59f105ddff3913831745 (4 spans)
2026-07-23 03:02:04,260 INFO    homeapm.ws: emitted trace for [sim] Sensor Jitter (run 98eaa40b11f672c6d6657637582406e6)
2026-07-23 03:02:10,064 INFO    homeapm: converted run 73939ac7a05541a9e37926b376d3b800 -> trace 891ed09489f709ce36d892539945959d (7 spans)
2026-07-23 03:02:10,065 INFO    homeapm.ws: emitted trace for Hallway Lights 3AM (run 73939ac7a05541a9e37926b376d3b800)
2026-07-23 03:02:32,614 INFO    homeapm: converted run ed30785d0b97fcc23f66a4e1ea32b4a0 -> trace a113280739c26517e26d571f29429c19 (20 spans)
2026-07-23 03:02:32,614 INFO    homeapm.ws: emitted trace for Good Night (run ed30785d0b97fcc23f66a4e1ea32b4a0)
2026-07-23 03:02:56,178 INFO    homeapm: converted run e52d8435a17c1e29fbc99a172c12919b -> trace d2aa801db3c7488694fdea12fb453362 (5 spans)
2026-07-23 03:02:56,178 INFO    homeapm.ws: emitted trace for [sim] Battery Nudge (run e52d8435a17c1e29fbc99a172c12919b)
2026-07-23 03:02:56,243 INFO    homeapm: converted run 0b6a6aa47ad9800188a9af80402e0eef -> trace ae6e963513e58c24e585fda9ddbb845e (10 spans)
2026-07-23 03:02:56,243 INFO    homeapm.ws: emitted trace for Garage Check (run 0b6a6aa47ad9800188a9af80402e0eef)
2026-07-23 03:03:03,955 INFO    homeapm: converted run e465839a67de27c55c4cd8af3bbafc60 -> trace 9d0c9743d3f740c28f68327fe8361039 (4 spans)
2026-07-23 03:03:03,955 INFO    homeapm.ws: emitted trace for [sim] Sensor Jitter (run e465839a67de27c55c4cd8af3bbafc60)
2026-07-23 03:04:06,264 INFO    homeapm: converted run 70b61c88ea4632f48b17da0dec4ee2f2 -> trace 048287170f578388e2c087805c263d40 (4 spans)
2026-07-23 03:04:06,264 INFO    homeapm.ws: emitted trace for [sim] Sensor Jitter (run 70b61c88ea4632f48b17da0dec4ee2f2)
2026-07-23 03:04:06,761 INFO    homeapm: converted run 51ca7c5f4e9a222f60814f03e7d41198 -> trace adafa9f8b49fc6f650376cbc11a77540 (8 spans)
2026-07-23 03:04:06,761 INFO    homeapm.ws: emitted trace for Morning Routine (run 51ca7c5f4e9a222f60814f03e7d41198)
2026-07-23 03:04:09,109 INFO    homeapm: converted run 0b4c7a2d88835113900008c23ce19eb1 -> trace 1365131c850a0bb43444f8a4386c37a7 (7 spans)
2026-07-23 03:04:09,110 INFO    homeapm.ws: emitted trace for Hallway Lights 3AM (run 0b4c7a2d88835113900008c23ce19eb1)
2026-07-23 03:04:34,447 INFO    homeapm: converted run 1dc5fa4b6f0d816a2dc587cf0edefc38 -> trace 9f730d91bef3aa4558fbf50b83d03a30 (20 spans)
2026-07-23 03:04:34,447 INFO    homeapm.ws: emitted trace for Good Night (run 1dc5fa4b6f0d816a2dc587cf0edefc38)
2026-07-23 03:04:54,977 INFO    homeapm: converted run 532056bb10edc84c4441fd4685c11a26 -> trace c5277bd2dfb6f9c74660c68fc877020c (5 spans)
2026-07-23 03:04:54,978 INFO    homeapm.ws: emitted trace for [sim] Battery Nudge (run 532056bb10edc84c4441fd4685c11a26)
2026-07-23 03:04:55,034 INFO    homeapm: converted run 4f0ce0e555a3c5b74504e965fb405e73 -> trace 71f8577519319cda1a3dffeb50ff5b6a (10 spans)
2026-07-23 03:04:55,034 INFO    homeapm.ws: emitted trace for Garage Check (run 4f0ce0e555a3c5b74504e965fb405e73)
2026-07-23 03:05:05,867 INFO    homeapm: converted run 95b425a446e44d9c1bb77490c0ec117f -> trace 91a3f9f33c502c61e9fc08f25244b21f (4 spans)
2026-07-23 03:05:05,867 INFO    homeapm.ws: emitted trace for [sim] Sensor Jitter (run 95b425a446e44d9c1bb77490c0ec117f)
2026-07-23 03:06:05,256 INFO    homeapm: converted run 3d0b8727f1d5e4cdb4e3e1ccafcd9dfb -> trace 996d2db312a8086c99512926b7b492af (4 spans)
2026-07-23 03:06:05,257 INFO    homeapm.ws: emitted trace for [sim] Sensor Jitter (run 3d0b8727f1d5e4cdb4e3e1ccafcd9dfb)
2026-07-23 03:06:11,031 INFO    homeapm: converted run 5f0b4a26e8db254aad9ab33a6af7de44 -> trace 2ab89287cc014fc7d52c1f974a637857 (7 spans)
2026-07-23 03:06:11,031 INFO    homeapm.ws: emitted trace for Hallway Lights 3AM (run 5f0b4a26e8db254aad9ab33a6af7de44)
2026-07-23 03:06:17,553 INFO    homeapm: converted run 8f9d9dd55e26f3ee8e8a3ba0c2acf029 -> trace 3ee60146962e3bed65193ce5936c8052 (7 spans)
2026-07-23 03:06:17,554 INFO    homeapm.ws: emitted trace for Hallway Lights 3AM (run 8f9d9dd55e26f3ee8e8a3ba0c2acf029)
2026-07-23 03:06:30,938 INFO    homeapm: converted run 6b3753ab9faa8bde18cdae0c90597491 -> trace 0ab90e2dfc6553c8e378e91b7f6c0d71 (20 spans)
2026-07-23 03:06:30,938 INFO    homeapm.ws: emitted trace for Good Night (run 6b3753ab9faa8bde18cdae0c90597491)
2026-07-23 03:06:32,744 INFO    homeapm: converted run f833061fc376fa4dadd7f18b26925cf9 -> trace 3b48266d14c7e46518dd2acbdaebdf6e (10 spans)
2026-07-23 03:06:32,745 INFO    homeapm.ws: emitted trace for Garage Check (run f833061fc376fa4dadd7f18b26925cf9)
2026-07-23 03:06:54,168 INFO    homeapm: converted run 88f02377c33bd54041ebcb09bdfda99d -> trace d9737e113ff4caff75b0b6cca0ce1582 (5 spans)
2026-07-23 03:06:54,169 INFO    homeapm.ws: emitted trace for [sim] Battery Nudge (run 88f02377c33bd54041ebcb09bdfda99d)
2026-07-23 03:06:54,234 INFO    homeapm: converted run 9f4e3e55e33e3c4a708d5bdf0828e2cd -> trace e9e17e1b59816c1a719963dd85415abe (10 spans)
2026-07-23 03:06:54,234 INFO    homeapm.ws: emitted trace for Garage Check (run 9f4e3e55e33e3c4a708d5bdf0828e2cd)
2026-07-23 03:07:04,720 INFO    homeapm: converted run 208162acea7d15e0696694bf33856fae -> trace e498ec1c7e75efcb539e8f26e09173f0 (4 spans)
2026-07-23 03:07:04,720 INFO    homeapm.ws: emitted trace for [sim] Sensor Jitter (run 208162acea7d15e0696694bf33856fae)
2026-07-23 03:07:05,311 INFO    homeapm: converted run a867900c39ba3f98c6eb792b1dcdc8e1 -> trace 81179ac08ef13effd66b780694c7276e (8 spans)
2026-07-23 03:07:05,311 INFO    homeapm.ws: emitted trace for Morning Routine (run a867900c39ba3f98c6eb792b1dcdc8e1)
2026-07-23 03:08:04,338 INFO    homeapm: converted run 771a3a31b20d4303151c115cca9f315b -> trace f2aca3ffce359ea9b6489d0c68253e7c (4 spans)
2026-07-23 03:08:04,338 INFO    homeapm.ws: emitted trace for [sim] Sensor Jitter (run 771a3a31b20d4303151c115cca9f315b)
2026-07-23 03:08:09,996 INFO    homeapm: converted run 1fe020807780c37ee7b5116b6d8eac16 -> trace ae060b88eff5e58affde07fdc20ed660 (7 spans)
2026-07-23 03:08:09,997 INFO    homeapm.ws: emitted trace for Hallway Lights 3AM (run 1fe020807780c37ee7b5116b6d8eac16)
2026-07-23 03:08:32,594 INFO    homeapm: converted run bb629778673664b4c26d014eb870cfbe -> trace 0ee9ddbbe0c8f4b9c4b7d40e449c1d2f (20 spans)
2026-07-23 03:08:32,594 INFO    homeapm.ws: emitted trace for Good Night (run bb629778673664b4c26d014eb870cfbe)
2026-07-23 03:08:56,082 INFO    homeapm: converted run d8781df47178434e73aeec0c5675720a -> trace 0bc9ffcd63c670f24eab750b3d4253c0 (5 spans)
2026-07-23 03:08:56,083 INFO    homeapm.ws: emitted trace for [sim] Battery Nudge (run d8781df47178434e73aeec0c5675720a)
2026-07-23 03:08:56,137 INFO    homeapm: converted run 7941c61ee7823eabf23b36620f38da0c -> trace ea712cd2a2ad5b90b558fdbb4a8a0093 (10 spans)
2026-07-23 03:08:56,138 INFO    homeapm.ws: emitted trace for Garage Check (run 7941c61ee7823eabf23b36620f38da0c)
2026-07-23 03:09:03,881 INFO    homeapm: converted run fd6b5f37a42d61f54ae9416caaad45d8 -> trace 65f9a46fb2f3fb32cd6bdb852334f113 (4 spans)
2026-07-23 03:09:03,882 INFO    homeapm.ws: emitted trace for [sim] Sensor Jitter (run fd6b5f37a42d61f54ae9416caaad45d8)
2026-07-23 03:10:06,371 INFO    homeapm: converted run fd547689783870f485ff5d4543f1eb00 -> trace 232a7c9c0b5d2565d9fa0d843abec277 (4 spans)
2026-07-23 03:10:06,371 INFO    homeapm.ws: emitted trace for [sim] Sensor Jitter (run fd547689783870f485ff5d4543f1eb00)
2026-07-23 03:10:09,129 INFO    homeapm: converted run ad7e36b79d86224441057afe3a1e52a5 -> trace 5bae09ff2ef0dc4e2bbd9c21b81d15fd (7 spans)
2026-07-23 03:10:09,130 INFO    homeapm.ws: emitted trace for Hallway Lights 3AM (run ad7e36b79d86224441057afe3a1e52a5)
2026-07-23 03:10:09,603 INFO    homeapm: converted run 6f26b1a6d4134d62be29ea1316c7b241 -> trace 3669c7de65b2eba8b3c10bdba1d64398 (8 spans)
2026-07-23 03:10:09,603 INFO    homeapm.ws: emitted trace for Morning Routine (run 6f26b1a6d4134d62be29ea1316c7b241)
2026-07-23 03:10:34,402 INFO    homeapm: converted run ac2fed8fa3565ecbed1f86acea40179e -> trace c7de04f72c88a195fbf154e3d22bacc0 (20 spans)
2026-07-23 03:10:34,403 INFO    homeapm.ws: emitted trace for Good Night (run ac2fed8fa3565ecbed1f86acea40179e)
2026-07-23 03:10:55,084 INFO    homeapm: converted run 946c80c3c1f4988b946cb525e8d62475 -> trace c0b12ca005f5bd525041c438cf5184dc (5 spans)
2026-07-23 03:10:55,084 INFO    homeapm.ws: emitted trace for [sim] Battery Nudge (run 946c80c3c1f4988b946cb525e8d62475)
2026-07-23 03:10:55,139 INFO    homeapm: converted run 6d170eb4b6040c179e9f6b4368570c97 -> trace fea50c0d7719fb5265b5f912c8f57d3f (10 spans)
2026-07-23 03:10:55,140 INFO    homeapm.ws: emitted trace for Garage Check (run 6d170eb4b6040c179e9f6b4368570c97)
2026-07-23 03:11:05,801 INFO    homeapm: converted run 3a486100329f1d309af89b77c643955e -> trace f34f9f4f3b2e9e1aaa188a9b0e062cef (4 spans)
2026-07-23 03:11:05,802 INFO    homeapm.ws: emitted trace for [sim] Sensor Jitter (run 3a486100329f1d309af89b77c643955e)
2026-07-23 03:12:05,366 INFO    homeapm: converted run 852e6d89361caa4eec7ccd44a5cb503c -> trace 2c86f05bff2d133f979fba3be6fb6c0d (4 spans)
2026-07-23 03:12:05,366 INFO    homeapm.ws: emitted trace for [sim] Sensor Jitter (run 852e6d89361caa4eec7ccd44a5cb503c)
2026-07-23 03:12:11,029 INFO    homeapm: converted run 41359ee3b72cc69a1db24b80f681e26e -> trace c8ceae2eaf5ed01cd9b3f8a69bfbe55e (7 spans)
2026-07-23 03:12:11,031 INFO    homeapm.ws: emitted trace for Hallway Lights 3AM (run 41359ee3b72cc69a1db24b80f681e26e)
2026-07-23 03:12:33,501 INFO    homeapm: converted run 09d48361953a45c4a3457709ab6acdc8 -> trace ac2c268ad2b20c764a91334d0ccd75bc (20 spans)
2026-07-23 03:12:33,501 INFO    homeapm.ws: emitted trace for Good Night (run 09d48361953a45c4a3457709ab6acdc8)
2026-07-23 03:12:54,154 INFO    homeapm: converted run 6e950c0ec5889b35569dc8eef5715834 -> trace 5179723d7ed945044c75b6c4e60507e2 (5 spans)
2026-07-23 03:12:54,154 INFO    homeapm.ws: emitted trace for [sim] Battery Nudge (run 6e950c0ec5889b35569dc8eef5715834)
2026-07-23 03:12:54,219 INFO    homeapm: converted run 23739115004fd3090726348c93c796aa -> trace e4d0d482063c029cf7b5e1c5dcdaf3f8 (10 spans)
2026-07-23 03:12:54,220 INFO    homeapm.ws: emitted trace for Garage Check (run 23739115004fd3090726348c93c796aa)
2026-07-23 03:13:04,786 INFO    homeapm: converted run 159527b0d42735b3f40ecc04af3022ca -> trace 8750428eb7ffa0e264b8b20cbae563de (4 spans)
2026-07-23 03:13:04,787 INFO    homeapm.ws: emitted trace for [sim] Sensor Jitter (run 159527b0d42735b3f40ecc04af3022ca)
2026-07-23 03:13:05,290 INFO    homeapm: converted run 144128c2a24ef073c17481c8c4b5016a -> trace 5415055b8599f4dd7d5cf6b29368b700 (8 spans)
2026-07-23 03:13:05,290 INFO    homeapm.ws: emitted trace for Morning Routine (run 144128c2a24ef073c17481c8c4b5016a)
2026-07-23 03:13:32,240 INFO    homeapm: converted run 3dede97e2c41db796ad3d60d65c272af -> trace 4796e8cf997246f5044ed0f47a7ccfb6 (7 spans)
2026-07-23 03:13:32,241 INFO    homeapm.ws: emitted trace for Hallway Lights 3AM (run 3dede97e2c41db796ad3d60d65c272af)
2026-07-23 03:14:04,372 INFO    homeapm: converted run 4a63e3586379dbb3726681ffe1aa7ab6 -> trace aa2eb6d5ffa786c64bd068ff6181fa20 (4 spans)
2026-07-23 03:14:04,373 INFO    homeapm.ws: emitted trace for [sim] Sensor Jitter (run 4a63e3586379dbb3726681ffe1aa7ab6)
2026-07-23 03:14:09,946 INFO    homeapm: converted run ca48b29e5f475ba51488ed6cb47cbff2 -> trace aa1a2a631d09ad1996c4b78df4a3b7f8 (7 spans)
2026-07-23 03:14:09,946 INFO    homeapm.ws: emitted trace for Hallway Lights 3AM (run ca48b29e5f475ba51488ed6cb47cbff2)
2026-07-23 03:14:25,650 INFO    homeapm: converted run c79ab6b167f5e6bcce841f17aca2991b -> trace c2bf10be8086405bd01d39061424691c (8 spans)
2026-07-23 03:14:25,650 INFO    homeapm.ws: emitted trace for Morning Routine (run c79ab6b167f5e6bcce841f17aca2991b)
2026-07-23 03:14:29,946 INFO    homeapm: converted run f109228c295bfd3ac364ea22e5de4fc7 -> trace bdb111f75a4f8db7d7ef9d3fc17910d2 (10 spans)
2026-07-23 03:14:29,946 INFO    homeapm.ws: emitted trace for Garage Check (run f109228c295bfd3ac364ea22e5de4fc7)
2026-07-23 03:14:32,598 INFO    homeapm: converted run b6553f2e779b8795b09d1c78a21a5f46 -> trace 437a8815a779808d2418e7b8a79340a4 (20 spans)
2026-07-23 03:14:32,598 INFO    homeapm.ws: emitted trace for Good Night (run b6553f2e779b8795b09d1c78a21a5f46)
2026-07-23 03:14:56,019 INFO    homeapm: converted run 744dee57b8cce9e316d5de1d6094429f -> trace 99705daa87d30a16884773a4d7d4097f (5 spans)
2026-07-23 03:14:56,019 INFO    homeapm.ws: emitted trace for [sim] Battery Nudge (run 744dee57b8cce9e316d5de1d6094429f)
2026-07-23 03:14:56,073 INFO    homeapm: converted run dcd1c91ab7173e1da3811e1c088696f6 -> trace b669ade3d18794a3c140605d9cad25fe (10 spans)
2026-07-23 03:14:56,073 INFO    homeapm.ws: emitted trace for Garage Check (run dcd1c91ab7173e1da3811e1c088696f6)
2026-07-23 03:15:03,901 INFO    homeapm: converted run 77eb734791041214a9e883217dd3c86b -> trace 77ae17390b2445fa99e8f3ce0079369f (4 spans)
2026-07-23 03:15:03,901 INFO    homeapm.ws: emitted trace for [sim] Sensor Jitter (run 77eb734791041214a9e883217dd3c86b)
2026-07-23 03:16:06,361 INFO    homeapm: converted run 4a8b1dae93f0cc79d5796d333ff02bad -> trace 52141d7271efa3cfe0caa2b08263daf3 (4 spans)
2026-07-23 03:16:06,361 INFO    homeapm.ws: emitted trace for [sim] Sensor Jitter (run 4a8b1dae93f0cc79d5796d333ff02bad)
2026-07-23 03:16:06,490 INFO    homeapm: converted run 3fd62a91e94cc3476157545586538b38 -> trace e4d37b39160fe36ad17714d7bcbc813e (8 spans)
2026-07-23 03:16:06,490 INFO    homeapm.ws: emitted trace for Morning Routine (run 3fd62a91e94cc3476157545586538b38)
2026-07-23 03:16:09,111 INFO    homeapm: converted run 1d910f1a24df212bdf91d6aabf860364 -> trace 8a71f137c60fac89ae8de8cb225a9c11 (7 spans)
2026-07-23 03:16:09,111 INFO    homeapm.ws: emitted trace for Hallway Lights 3AM (run 1d910f1a24df212bdf91d6aabf860364)
2026-07-23 03:16:34,402 INFO    homeapm: converted run ba8d544e1eb0b6bac9cbba671beefdbc -> trace a7a950cee873988e91dd6ba68f388148 (20 spans)
2026-07-23 03:16:34,403 INFO    homeapm.ws: emitted trace for Good Night (run ba8d544e1eb0b6bac9cbba671beefdbc)
2026-07-23 03:16:55,050 INFO    homeapm: converted run 6f0896e82faa8168c3b162a6156db0d5 -> trace 08576d351db26d12c79a64fe1e32ced1 (5 spans)
2026-07-23 03:16:55,050 INFO    homeapm.ws: emitted trace for [sim] Battery Nudge (run 6f0896e82faa8168c3b162a6156db0d5)
2026-07-23 03:16:55,103 INFO    homeapm: converted run 7b560b98365e8f5227e499f5d1e22f3d -> trace f676e3959654cc5b64c11e67ae8d6e11 (10 spans)
2026-07-23 03:16:55,104 INFO    homeapm.ws: emitted trace for Garage Check (run 7b560b98365e8f5227e499f5d1e22f3d)
2026-07-23 03:17:05,919 INFO    homeapm: converted run 37e4857ffaf2c2e30faa31087d8cff80 -> trace b604202f6ad06de22ef32e163ccd5817 (4 spans)
2026-07-23 03:17:05,921 INFO    homeapm.ws: emitted trace for [sim] Sensor Jitter (run 37e4857ffaf2c2e30faa31087d8cff80)
2026-07-23 03:18:05,401 INFO    homeapm: converted run bc4eeff219679368ef2d4939b260e43d -> trace 7998634feb7158004b3cd4d078bc2662 (4 spans)
2026-07-23 03:18:05,402 INFO    homeapm.ws: emitted trace for [sim] Sensor Jitter (run bc4eeff219679368ef2d4939b260e43d)
2026-07-23 03:18:11,102 INFO    homeapm: converted run cb4425c550bfa57d06538c3fb866b6d8 -> trace 850ef666ae788edccce75ff342a1deca (7 spans)
2026-07-23 03:18:11,103 INFO    homeapm.ws: emitted trace for Hallway Lights 3AM (run cb4425c550bfa57d06538c3fb866b6d8)
2026-07-23 03:18:33,527 INFO    homeapm: converted run 714d8f823c0c53611e09fefffc0dfc23 -> trace 409587a723ce5bf1d7b45acbe62b1e28 (20 spans)
2026-07-23 03:18:33,527 INFO    homeapm.ws: emitted trace for Good Night (run 714d8f823c0c53611e09fefffc0dfc23)
2026-07-23 03:18:54,176 INFO    homeapm: converted run 84523c651a6555cb494e8e1520593c2e -> trace 58dad8f699497874f4db2796323db985 (5 spans)
2026-07-23 03:18:54,176 INFO    homeapm.ws: emitted trace for [sim] Battery Nudge (run 84523c651a6555cb494e8e1520593c2e)
2026-07-23 03:18:54,229 INFO    homeapm: converted run 2641c9b999767da9df6fdddd7ab36a3e -> trace af714057e4c889bee32851ec0670ca94 (10 spans)
2026-07-23 03:18:54,230 INFO    homeapm.ws: emitted trace for Garage Check (run 2641c9b999767da9df6fdddd7ab36a3e)
2026-07-23 03:19:04,923 INFO    homeapm: converted run dbe45bf21ee399dbb101850786d48b34 -> trace 4f02335f2957e22d814fed479c4d1004 (4 spans)
2026-07-23 03:19:04,924 INFO    homeapm.ws: emitted trace for [sim] Sensor Jitter (run dbe45bf21ee399dbb101850786d48b34)
2026-07-23 03:19:05,326 INFO    homeapm: converted run 524903c3bc8a5c457117f2350e505572 -> trace ca44a8310fcfa3e367657b7e0f9d7fff (8 spans)
2026-07-23 03:19:05,326 INFO    homeapm.ws: emitted trace for Morning Routine (run 524903c3bc8a5c457117f2350e505572)
2026-07-23 03:20:04,432 INFO    homeapm: converted run e3dc4e3e4efdc336b438b362447a8ad3 -> trace 01252879fbb2230d391e2bf98903d03a (4 spans)
2026-07-23 03:20:04,432 INFO    homeapm.ws: emitted trace for [sim] Sensor Jitter (run e3dc4e3e4efdc336b438b362447a8ad3)
2026-07-23 03:20:10,095 INFO    homeapm: converted run 75edb0c4caa6aac46ca5894f6809d47c -> trace be3a106390ffb96d73c32387849be068 (7 spans)
2026-07-23 03:20:10,095 INFO    homeapm.ws: emitted trace for Hallway Lights 3AM (run 75edb0c4caa6aac46ca5894f6809d47c)
2026-07-23 03:20:32,677 INFO    homeapm: converted run af69f4cd51addf211632e6b82e25314a -> trace 2885f11a93b62c13949017792a76202b (20 spans)
2026-07-23 03:20:32,677 INFO    homeapm.ws: emitted trace for Good Night (run af69f4cd51addf211632e6b82e25314a)
2026-07-23 03:20:53,361 INFO    homeapm: converted run 0866bb5152450ef665fef6cfc3f6b300 -> trace a5bcd658448e071504aff43577ac81b9 (5 spans)
2026-07-23 03:20:53,362 INFO    homeapm.ws: emitted trace for [sim] Battery Nudge (run 0866bb5152450ef665fef6cfc3f6b300)
2026-07-23 03:20:53,416 INFO    homeapm: converted run 9d5dc0b67c1270afd7b329d1c9ffc004 -> trace 308914fd2d96696b78dfc6d8b54e5768 (10 spans)
2026-07-23 03:20:53,416 INFO    homeapm.ws: emitted trace for Garage Check (run 9d5dc0b67c1270afd7b329d1c9ffc004)
2026-07-23 03:21:04,158 INFO    homeapm: converted run 585ef0da304f26bee471b859874b3e5c -> trace 6132abafdcdd07aaf9f460971d3cff15 (4 spans)
2026-07-23 03:21:04,158 INFO    homeapm.ws: emitted trace for [sim] Sensor Jitter (run 585ef0da304f26bee471b859874b3e5c)
2026-07-23 03:22:03,563 INFO    homeapm: converted run 99c2633faae82e05f6d1123d99b0f212 -> trace 653dfa01f6b3d41f2d9e733c70177175 (4 spans)
2026-07-23 03:22:03,563 INFO    homeapm.ws: emitted trace for [sim] Sensor Jitter (run 99c2633faae82e05f6d1123d99b0f212)
2026-07-23 03:22:06,651 INFO    homeapm: converted run e17230cb637172f8f87288175897133c -> trace 0486bdc315fd6dae2c6cc4ebc4026489 (8 spans)
2026-07-23 03:22:06,651 INFO    homeapm.ws: emitted trace for Morning Routine (run e17230cb637172f8f87288175897133c)
2026-07-23 03:22:09,221 INFO    homeapm: converted run 4f1031ca7cf953f56bc9c961c1de9acf -> trace 658d233468815cdd90ff9011e22a6668 (7 spans)
2026-07-23 03:22:09,221 INFO    homeapm.ws: emitted trace for Hallway Lights 3AM (run 4f1031ca7cf953f56bc9c961c1de9acf)
2026-07-23 03:22:34,583 INFO    homeapm: converted run 8d2962a11eeb5527620123c626bcde40 -> trace 37de65c040101c1ad3c7a25fce17dad2 (20 spans)
2026-07-23 03:22:34,584 INFO    homeapm.ws: emitted trace for Good Night (run 8d2962a11eeb5527620123c626bcde40)
2026-07-23 03:22:55,153 INFO    homeapm: converted run d8aa2cfc8a0d8577e20a3e05dd56047d -> trace 493994f488099ed203b145abb096d9ca (5 spans)
2026-07-23 03:22:55,154 INFO    homeapm.ws: emitted trace for [sim] Battery Nudge (run d8aa2cfc8a0d8577e20a3e05dd56047d)
2026-07-23 03:22:55,209 INFO    homeapm: converted run fd0cfca9ce9664a4b3a46bdec41eeac5 -> trace 60754bac21b1f8bcfc8edeeb4644733a (10 spans)
2026-07-23 03:22:55,209 INFO    homeapm.ws: emitted trace for Garage Check (run fd0cfca9ce9664a4b3a46bdec41eeac5)
2026-07-23 03:23:06,134 INFO    homeapm: converted run 7114e02892158e9fb459d1c8f3190dbd -> trace 6cff507c507ff311dbc6efede3f8dc82 (4 spans)
2026-07-23 03:23:06,135 INFO    homeapm.ws: emitted trace for [sim] Sensor Jitter (run 7114e02892158e9fb459d1c8f3190dbd)
2026-07-23 03:24:05,565 INFO    homeapm: converted run 24055d8ad458d663dfdf894213748dfd -> trace 9a8df46bccf58252d775e4d6d4a32bac (4 spans)
2026-07-23 03:24:05,565 INFO    homeapm.ws: emitted trace for [sim] Sensor Jitter (run 24055d8ad458d663dfdf894213748dfd)
2026-07-23 03:24:08,341 INFO    homeapm: converted run 8a247fa52747443f8c7c29fd49da9009 -> trace f9634efb18faa4a6e1c44369e1c85b11 (7 spans)
2026-07-23 03:24:08,341 INFO    homeapm.ws: emitted trace for Hallway Lights 3AM (run 8a247fa52747443f8c7c29fd49da9009)
2026-07-23 03:24:33,576 INFO    homeapm: converted run a23ec05777ca03d70d24923a6357f854 -> trace eba0275b8d7ea690f8ceedb7efdd641d (20 spans)
2026-07-23 03:24:33,576 INFO    homeapm.ws: emitted trace for Good Night (run a23ec05777ca03d70d24923a6357f854)
2026-07-23 03:24:54,277 INFO    homeapm: converted run 0528a3ce930dce4d8a0c5042cec008cd -> trace 7dc70f027706c5517e7ccbaaa74c7d2d (5 spans)
2026-07-23 03:24:54,277 INFO    homeapm.ws: emitted trace for [sim] Battery Nudge (run 0528a3ce930dce4d8a0c5042cec008cd)
2026-07-23 03:24:54,342 INFO    homeapm: converted run 89d03a794e588cdd7bf4251d8ed51542 -> trace b98f944dc569ac574ff6210c0fb13804 (10 spans)
2026-07-23 03:24:54,343 INFO    homeapm.ws: emitted trace for Garage Check (run 89d03a794e588cdd7bf4251d8ed51542)
2026-07-23 03:25:05,068 INFO    homeapm: converted run 1708ef76a2cd7ad94afbd7fd5f6e5458 -> trace 7153e087c4c9833ac3aea931b5c6387c (4 spans)
2026-07-23 03:25:05,068 INFO    homeapm.ws: emitted trace for [sim] Sensor Jitter (run 1708ef76a2cd7ad94afbd7fd5f6e5458)
2026-07-23 03:25:05,301 INFO    homeapm: converted run d26650ed4a58b23c51a26c8aa31c0677 -> trace b1f9a71970afea7df84a207ad84a8da0 (8 spans)
2026-07-23 03:25:05,301 INFO    homeapm.ws: emitted trace for Morning Routine (run d26650ed4a58b23c51a26c8aa31c0677)
2026-07-23 11:22:07,825 INFO    homeapm: converted run dbbc9bb9cb37aafadcf68937a8e77ebe -> trace 55641fcca1fc46ee054d0ad3a08589f6 (4 spans)
2026-07-23 11:22:07,825 INFO    homeapm.ws: emitted trace for [sim] Sensor Jitter (run dbbc9bb9cb37aafadcf68937a8e77ebe)
2026-07-23 11:22:13,348 INFO    homeapm: converted run ab4628c8a93c34fa8a6dc84e9f47f316 -> trace e5277e912fc85a7c4b8ac38ede9f5557 (7 spans)
2026-07-23 11:22:13,348 INFO    homeapm.ws: emitted trace for Hallway Lights 3AM (run ab4628c8a93c34fa8a6dc84e9f47f316)
2026-07-23 11:22:35,011 INFO    homeapm: converted run 99c6999c42242678c03a181546440fc5 -> trace 85c7035f93697ee19562501cb6335c39 (20 spans)
2026-07-23 11:22:35,011 INFO    homeapm.ws: emitted trace for Good Night (run 99c6999c42242678c03a181546440fc5)
2026-07-23 11:22:55,646 INFO    homeapm: converted run 16f9e2db76bb9484fb5cdbffe1a1257b -> trace 19e4e4954c5580092bb34121041f162d (4 spans)
2026-07-23 11:22:55,646 INFO    homeapm.ws: emitted trace for SigNoz Alert Received (run 16f9e2db76bb9484fb5cdbffe1a1257b)
2026-07-23 11:22:58,356 INFO    homeapm: converted run 482d8c5a4bdf9058ef007a34249a3501 -> trace bef5541b2c3e6f8e0d9aa498622687e6 (5 spans)
2026-07-23 11:22:58,357 INFO    homeapm.ws: emitted trace for [sim] Battery Nudge (run 482d8c5a4bdf9058ef007a34249a3501)
2026-07-23 11:22:58,412 INFO    homeapm: converted run aecd9e9a396c42cf94aa44bdeafd8736 -> trace ce7cbe373efd82ebeef685dd77b3bb42 (10 spans)
2026-07-23 11:22:58,412 INFO    homeapm.ws: emitted trace for Garage Check (run aecd9e9a396c42cf94aa44bdeafd8736)
2026-07-23 11:23:07,390 INFO    homeapm: converted run 7bf4165478eec8077f14bb6b2c4159f2 -> trace bd6708848f0ef8d3d2e861401c0b05d8 (4 spans)
2026-07-23 11:23:07,391 INFO    homeapm.ws: emitted trace for [sim] Sensor Jitter (run 7bf4165478eec8077f14bb6b2c4159f2)
2026-07-23 11:24:04,600 INFO    homeapm: converted run 4286ebdf3f5bb359421aa19896996067 -> trace defb7606eee9d74931a5cb159d9bbc3b (4 spans)
2026-07-23 11:24:04,600 INFO    homeapm.ws: emitted trace for [sim] Sensor Jitter (run 4286ebdf3f5bb359421aa19896996067)
2026-07-23 11:24:11,591 INFO    homeapm: converted run 78d6b8e9e0015ae0b2760bd44852121c -> trace 39112cb5374bf1d74310c9ed97f42210 (7 spans)
2026-07-23 11:24:11,591 INFO    homeapm.ws: emitted trace for Hallway Lights 3AM (run 78d6b8e9e0015ae0b2760bd44852121c)
2026-07-23 11:24:12,263 INFO    homeapm: converted run 84002864c66d5e3c1abdfa13a851de96 -> trace e4ba988c853175bc9c98d8d84f12bf99 (8 spans)
2026-07-23 11:24:12,264 INFO    homeapm.ws: emitted trace for Morning Routine (run 84002864c66d5e3c1abdfa13a851de96)
2026-07-23 11:24:32,845 INFO    homeapm: converted run e737f16160eb02c78ca9f65ca1218037 -> trace c68e11e2e118ab4b1b8cc49778c7a8bb (20 spans)
2026-07-23 11:24:32,847 INFO    homeapm.ws: emitted trace for Good Night (run e737f16160eb02c78ca9f65ca1218037)
2026-07-23 11:24:54,323 INFO    homeapm: converted run f7be2fe90788f93d46184ad131fba7c5 -> trace edfa5c51df7f49943c9acf853fce956d (5 spans)
2026-07-23 11:24:54,324 INFO    homeapm.ws: emitted trace for [sim] Battery Nudge (run f7be2fe90788f93d46184ad131fba7c5)
2026-07-23 11:24:54,386 INFO    homeapm: converted run b2be3a0f6047e95cf05f1ddf093c48b8 -> trace 60fca652a1cb0756c6eed00bf6d973de (10 spans)
2026-07-23 11:24:54,387 INFO    homeapm.ws: emitted trace for Garage Check (run b2be3a0f6047e95cf05f1ddf093c48b8)
2026-07-23 11:25:03,883 INFO    homeapm: converted run 911d0bef949fb884e45c5389bc0ef510 -> trace a02ac2d6128398726503f36c84593680 (4 spans)
2026-07-23 11:25:03,883 INFO    homeapm.ws: emitted trace for [sim] Sensor Jitter (run 911d0bef949fb884e45c5389bc0ef510)
2026-07-23 11:25:04,339 INFO    homeapm: converted run 6633fb22fe899ef11b85ba156e52d4f6 -> trace 89b05dc02d66ac7738156543eece2dd4 (4 spans)
2026-07-23 11:25:04,340 INFO    homeapm.ws: emitted trace for SigNoz Alert Received (run 6633fb22fe899ef11b85ba156e52d4f6)
2026-07-23 11:25:51,869 INFO    homeapm: converted run 1ee25cf929e863f329602aae64b81551 -> trace d59ace42aca195e9f99b7b95451d60d0 (4 spans)
2026-07-23 11:25:51,869 INFO    homeapm.ws: emitted trace for SigNoz Alert Received (run 1ee25cf929e863f329602aae64b81551)
2026-07-23 11:26:02,609 INFO    homeapm: converted run 74735acbb27bae3f1a6919a007d9c4ee -> trace c0ee7ff24c9835fc6f3e45989869c35e (4 spans)
2026-07-23 11:26:02,609 INFO    homeapm.ws: emitted trace for [sim] Sensor Jitter (run 74735acbb27bae3f1a6919a007d9c4ee)
2026-07-23 11:26:03,630 INFO    homeapm: converted run 9cc213381566194fadead007a01d615e -> trace d2c0a641543ee8d39642be3e0742814f (7 spans)
2026-07-23 11:26:03,631 INFO    homeapm.ws: emitted trace for Hallway Lights 3AM (run 9cc213381566194fadead007a01d615e)
2026-07-23 11:26:28,074 INFO    homeapm: converted run 465551c4db27b16f736443cd34263ac1 -> trace 7890c38694821f0cd7a8af6c3ec9bdd0 (20 spans)
2026-07-23 11:26:28,075 INFO    homeapm.ws: emitted trace for Good Night (run 465551c4db27b16f736443cd34263ac1)
2026-07-23 11:26:48,418 INFO    homeapm: converted run c05eece02973dd017a0747ea81005511 -> trace 1651391862ff372b4ce02c5c80aaf2ac (5 spans)
2026-07-23 11:26:48,418 INFO    homeapm.ws: emitted trace for [sim] Battery Nudge (run c05eece02973dd017a0747ea81005511)
2026-07-23 11:26:48,471 INFO    homeapm: converted run 4388c027f78ca310b596a6aa2222517a -> trace 27b81b64741bb7d0a0c580a57e1aa8e5 (10 spans)
2026-07-23 11:26:48,472 INFO    homeapm.ws: emitted trace for Garage Check (run 4388c027f78ca310b596a6aa2222517a)
2026-07-23 11:27:02,123 INFO    homeapm: converted run 45521ac3affb78997c1e47339a891dbf -> trace b263fa5365adf544de78b4dede77611b (4 spans)
2026-07-23 11:27:02,123 INFO    homeapm.ws: emitted trace for [sim] Sensor Jitter (run 45521ac3affb78997c1e47339a891dbf)
2026-07-23 11:27:55,146 INFO    homeapm: converted run bd8cb0a16a9b4a73cf8f2a5cff41daac -> trace 49d1d79b86b86d14d39924bb90d085c3 (8 spans)
2026-07-23 11:27:55,146 INFO    homeapm.ws: emitted trace for Morning Routine (run bd8cb0a16a9b4a73cf8f2a5cff41daac)
2026-07-23 11:28:01,982 INFO    homeapm: converted run b0980b48a7f5243a05beffa78a2e7fd5 -> trace 277b233ddbc2d43ff0547ca0538ce337 (4 spans)
2026-07-23 11:28:01,983 INFO    homeapm.ws: emitted trace for [sim] Sensor Jitter (run b0980b48a7f5243a05beffa78a2e7fd5)
2026-07-23 11:28:03,470 INFO    homeapm: converted run b651cd1a8bb4e16e9c4e39268a2e31f7 -> trace 08e827323fd365129fcc8e333cac3076 (7 spans)
2026-07-23 11:28:03,471 INFO    homeapm.ws: emitted trace for Hallway Lights 3AM (run b651cd1a8bb4e16e9c4e39268a2e31f7)
2026-07-23 11:28:07,019 INFO    homeapm: converted run cb94969598982d8df0acc23b7194e8dc -> trace c2ad2c557331b5fc8a4c543458263b42 (4 spans)
2026-07-23 11:28:07,019 INFO    homeapm.ws: emitted trace for SigNoz Alert Received (run cb94969598982d8df0acc23b7194e8dc)
2026-07-23 11:28:27,048 INFO    homeapm: converted run 746e0b3211bfe97cd4e0bc829bc5a6da -> trace e60756c7947ab162554319dc2a4d3f64 (20 spans)
2026-07-23 11:28:27,048 INFO    homeapm.ws: emitted trace for Good Night (run 746e0b3211bfe97cd4e0bc829bc5a6da)
2026-07-23 11:28:47,824 INFO    homeapm: converted run 452cd54dc17e3fb1476218523e882c98 -> trace b45037aab7f3e813c461056fb6ebb205 (5 spans)
2026-07-23 11:28:47,824 INFO    homeapm.ws: emitted trace for [sim] Battery Nudge (run 452cd54dc17e3fb1476218523e882c98)
2026-07-23 11:28:47,873 INFO    homeapm: converted run 164e30007d1eccfa4c31098c7c729263 -> trace c528c7f104389c71673ffd0c4e462da3 (10 spans)
2026-07-23 11:28:47,873 INFO    homeapm.ws: emitted trace for Garage Check (run 164e30007d1eccfa4c31098c7c729263)
2026-07-23 11:29:01,994 INFO    homeapm: converted run 442b7e608ead52f736f3fc296479242a -> trace 1df1f1387d107f20ecf8799e35de8cf4 (4 spans)
2026-07-23 11:29:01,994 INFO    homeapm.ws: emitted trace for [sim] Sensor Jitter (run 442b7e608ead52f736f3fc296479242a)
2026-07-23 11:30:01,892 INFO    homeapm: converted run 5552543dbfbb8019648aa8945b5fccf3 -> trace 3e32d76f11cba52b79a87faa2e0228a0 (4 spans)
2026-07-23 11:30:01,893 INFO    homeapm.ws: emitted trace for [sim] Sensor Jitter (run 5552543dbfbb8019648aa8945b5fccf3)
2026-07-23 11:30:03,048 INFO    homeapm: converted run 31f714f2af4a48c26a1a2189990b3d0c -> trace eb785b360074d74b68cbae893411a5cd (7 spans)
2026-07-23 11:30:03,049 INFO    homeapm.ws: emitted trace for Hallway Lights 3AM (run 31f714f2af4a48c26a1a2189990b3d0c)
2026-07-23 11:30:26,948 INFO    homeapm: converted run 4770f4ac5e34bca4c83b6ca7f5e33e0f -> trace 7b5da824616af3f4becc1743c08412be (20 spans)
2026-07-23 11:30:26,948 INFO    homeapm.ws: emitted trace for Good Night (run 4770f4ac5e34bca4c83b6ca7f5e33e0f)
2026-07-23 11:30:48,496 INFO    homeapm: converted run c3ea484ccf868a4e8c65d71021da1dc2 -> trace b1027b0483812c9d1f4a5b2425e2e618 (5 spans)
2026-07-23 11:30:48,496 INFO    homeapm.ws: emitted trace for [sim] Battery Nudge (run c3ea484ccf868a4e8c65d71021da1dc2)
2026-07-23 11:30:48,555 INFO    homeapm: converted run b605cd0d8ded46a9c65f380e034623e7 -> trace 65e42ee79755ee0495528d1883de41eb (10 spans)
2026-07-23 11:30:48,555 INFO    homeapm.ws: emitted trace for Garage Check (run b605cd0d8ded46a9c65f380e034623e7)
2026-07-23 11:30:52,875 INFO    homeapm: converted run 7c65ee49b101ac8810e42dc2e868f61f -> trace b4061af64758c6f3220a6fb0cc1bfca4 (8 spans)
2026-07-23 11:30:52,875 INFO    homeapm.ws: emitted trace for Morning Routine (run 7c65ee49b101ac8810e42dc2e868f61f)
2026-07-23 11:31:01,797 INFO    homeapm: converted run b41ba71712f7f9635f77d0683111b5de -> trace 9f3125f1b3943554a936722faa3a48c9 (4 spans)
2026-07-23 11:31:01,797 INFO    homeapm.ws: emitted trace for [sim] Sensor Jitter (run b41ba71712f7f9635f77d0683111b5de)
2026-07-23 11:32:01,588 INFO    homeapm: converted run 08ab93338167b5dc2a062e42b4516983 -> trace f734fd7494a3222a43bafc4c3bb060f5 (4 spans)
2026-07-23 11:32:01,588 INFO    homeapm.ws: emitted trace for [sim] Sensor Jitter (run 08ab93338167b5dc2a062e42b4516983)
2026-07-23 11:32:02,763 INFO    homeapm: converted run e82c48107cf4484d6eb15979427838ce -> trace b486269cef9d007d292f601b8a5db0d2 (7 spans)
2026-07-23 11:32:02,763 INFO    homeapm.ws: emitted trace for Hallway Lights 3AM (run e82c48107cf4484d6eb15979427838ce)
2026-07-23 11:32:27,107 INFO    homeapm: converted run 514470fbc82fccccc652d69fd3838ba1 -> trace a2239f1b39b1d77e5a7f19708447de53 (20 spans)
2026-07-23 11:32:27,107 INFO    homeapm.ws: emitted trace for Good Night (run 514470fbc82fccccc652d69fd3838ba1)
2026-07-23 11:32:47,897 INFO    homeapm: converted run 66fac5c85381e581ae509c15e2c191f3 -> trace 73a8bcdfe1e5f23dbb813b7c14ee7659 (5 spans)
2026-07-23 11:32:47,898 INFO    homeapm.ws: emitted trace for [sim] Battery Nudge (run 66fac5c85381e581ae509c15e2c191f3)
2026-07-23 11:32:47,949 INFO    homeapm: converted run f43e04104d7d1fa43ab5347589dfdb2b -> trace 160702132bca9bb58da5693711c721ed (10 spans)
2026-07-23 11:32:47,949 INFO    homeapm.ws: emitted trace for Garage Check (run f43e04104d7d1fa43ab5347589dfdb2b)
2026-07-23 11:33:01,472 INFO    homeapm: converted run 6cf31cd0866d6876ac1ee347c62bb1bb -> trace 208f053689f6a4f791a789c6a7a70f8d (4 spans)
2026-07-23 11:33:01,472 INFO    homeapm.ws: emitted trace for [sim] Sensor Jitter (run 6cf31cd0866d6876ac1ee347c62bb1bb)
2026-07-23 11:33:52,197 INFO    homeapm: converted run 18aa9d961dc9489fa4b3aa740e7b50d2 -> trace c7ed7877b90f5727b838d51acf3fe3ef (8 spans)
2026-07-23 11:33:52,197 INFO    homeapm.ws: emitted trace for Morning Routine (run 18aa9d961dc9489fa4b3aa740e7b50d2)
2026-07-23 11:34:01,071 INFO    homeapm: converted run 0bab1d76939c8a103aa7fa2310f71a9e -> trace 97e76bc9a6c5f3b26920210277f4a4eb (4 spans)
2026-07-23 11:34:01,071 INFO    homeapm.ws: emitted trace for [sim] Sensor Jitter (run 0bab1d76939c8a103aa7fa2310f71a9e)
2026-07-23 11:34:02,019 INFO    homeapm: converted run cb88b09d049797874590d6d9aa4f8f2d -> trace 1d78195be3936717bbb37b05e4d6d8a7 (7 spans)
2026-07-23 11:34:02,019 INFO    homeapm.ws: emitted trace for Hallway Lights 3AM (run cb88b09d049797874590d6d9aa4f8f2d)
2026-07-23 11:34:26,180 INFO    homeapm: converted run 2b92b7dc5edec9873c20754f2d9de285 -> trace c8a1154e1377b0c14af728e52209ce0c (20 spans)
2026-07-23 11:34:26,180 INFO    homeapm.ws: emitted trace for Good Night (run 2b92b7dc5edec9873c20754f2d9de285)
2026-07-23 11:34:46,824 INFO    homeapm: converted run 8de53b63ffa418b18120d002e05c8af4 -> trace d907f1fcbbbe33afecccb9d168c7e85b (5 spans)
2026-07-23 11:34:46,824 INFO    homeapm.ws: emitted trace for [sim] Battery Nudge (run 8de53b63ffa418b18120d002e05c8af4)
2026-07-23 11:34:46,885 INFO    homeapm: converted run 806cbd1a673308a167917cb02ca81878 -> trace 11e990506cc49409f53552dbccb75dfa (10 spans)
2026-07-23 11:34:46,885 INFO    homeapm.ws: emitted trace for Garage Check (run 806cbd1a673308a167917cb02ca81878)
2026-07-23 11:35:00,982 INFO    homeapm: converted run f553b5a13ae49eaaecc83a1d193aa333 -> trace f120b75fabf0ec55b0fd4a7c6cc7ef2b (4 spans)
2026-07-23 11:35:00,982 INFO    homeapm.ws: emitted trace for [sim] Sensor Jitter (run f553b5a13ae49eaaecc83a1d193aa333)
2026-07-23 11:36:00,626 INFO    homeapm: converted run 541cc4d3ae40d19e0f01c21db8392a73 -> trace 5aec81e839742e16706889c62b7028b0 (4 spans)
2026-07-23 11:36:00,626 INFO    homeapm.ws: emitted trace for [sim] Sensor Jitter (run 541cc4d3ae40d19e0f01c21db8392a73)
2026-07-23 11:36:01,115 INFO    homeapm: converted run ec8a52db49179f4f415709f978a28aa4 -> trace 52e5430d167f1cba981eca2f5b73966b (7 spans)
2026-07-23 11:36:01,115 INFO    homeapm.ws: emitted trace for Hallway Lights 3AM (run ec8a52db49179f4f415709f978a28aa4)
2026-07-23 11:36:25,301 INFO    homeapm: converted run faae2c89db55bf3f88b34931a2d68dc4 -> trace 23cd9201a298f5206cf8590a0a9d3b1b (20 spans)
2026-07-23 11:36:25,301 INFO    homeapm.ws: emitted trace for Good Night (run faae2c89db55bf3f88b34931a2d68dc4)
2026-07-23 11:36:45,903 INFO    homeapm: converted run 5b04f6e3e62f080c8b69a7d1eee00739 -> trace 20f37ccb9b2d89d38419047b08d1fe4e (5 spans)
2026-07-23 11:36:45,903 INFO    homeapm.ws: emitted trace for [sim] Battery Nudge (run 5b04f6e3e62f080c8b69a7d1eee00739)
2026-07-23 11:36:45,953 INFO    homeapm: converted run 8ddf79afb82ed55859f896ab23cd279f -> trace 5cf4bdf2880ffbb81c47f90f76fd217f (10 spans)
2026-07-23 11:36:45,954 INFO    homeapm.ws: emitted trace for Garage Check (run 8ddf79afb82ed55859f896ab23cd279f)
2026-07-23 11:36:50,127 INFO    homeapm: converted run 017dc05127af7308c5ad47361c9c4217 -> trace 49abac3554b598446e5e8e46449824c4 (8 spans)
2026-07-23 11:36:50,127 INFO    homeapm.ws: emitted trace for Morning Routine (run 017dc05127af7308c5ad47361c9c4217)
2026-07-23 11:37:00,661 INFO    homeapm: converted run b7fc6dcb5b0ef9629e362dd8bf979ef6 -> trace 816ea87999995c016a02b9e8dd4a7688 (4 spans)
2026-07-23 11:37:00,662 INFO    homeapm.ws: emitted trace for [sim] Sensor Jitter (run b7fc6dcb5b0ef9629e362dd8bf979ef6)
2026-07-23 11:38:00,610 INFO    homeapm: converted run 96b54d0592457b9c731ca2c7c476011a -> trace c3c304b44013ee0d639fcd5a842bd2fb (4 spans)
2026-07-23 11:38:00,610 INFO    homeapm.ws: emitted trace for [sim] Sensor Jitter (run 96b54d0592457b9c731ca2c7c476011a)
2026-07-23 11:38:00,800 INFO    homeapm: converted run 4e0760496119486b0671c1b8e57265cd -> trace 7dea5d06599c34286612f27d80c28bbd (7 spans)
2026-07-23 11:38:00,800 INFO    homeapm.ws: emitted trace for Hallway Lights 3AM (run 4e0760496119486b0671c1b8e57265cd)
2026-07-23 11:38:24,889 INFO    homeapm: converted run eff23b8a9742a24c5cbc27f764ecd909 -> trace d1bbdad9c2f7d4249b89035e52753a90 (20 spans)
2026-07-23 11:38:24,890 INFO    homeapm.ws: emitted trace for Good Night (run eff23b8a9742a24c5cbc27f764ecd909)
2026-07-23 11:38:45,700 INFO    homeapm: converted run 0294fbcbe621a3e681fdccacc4dcf11f -> trace fd21d67299fbb9003e0a21af5d6446f8 (5 spans)
2026-07-23 11:38:45,700 INFO    homeapm.ws: emitted trace for [sim] Battery Nudge (run 0294fbcbe621a3e681fdccacc4dcf11f)
2026-07-23 11:38:45,749 INFO    homeapm: converted run fa6de003cf82d11e9e65a7a5a81fc41a -> trace 1021fe9547c517b562a1efdbb6dfc618 (10 spans)
2026-07-23 11:38:45,750 INFO    homeapm.ws: emitted trace for Garage Check (run fa6de003cf82d11e9e65a7a5a81fc41a)
2026-07-23 11:39:00,469 INFO    homeapm: converted run 58877a739721e12abff5e7def0c774fb -> trace 09c7865e21a9a9bede8834e82366ce9b (4 spans)
2026-07-23 11:39:00,469 INFO    homeapm.ws: emitted trace for [sim] Sensor Jitter (run 58877a739721e12abff5e7def0c774fb)
2026-07-23 11:39:49,268 INFO    homeapm: converted run fbc0c64f03efe7a9cc87460cfc6e7abc -> trace fc58b9e71192b44a1861ce6e1ee4c61d (8 spans)
2026-07-23 11:39:49,269 INFO    homeapm.ws: emitted trace for Morning Routine (run fbc0c64f03efe7a9cc87460cfc6e7abc)
2026-07-23 11:40:00,395 INFO    homeapm: converted run a14c2a711e6e2d5f67d11394181b3956 -> trace ebca4acf1d57564e20df0b71189ed356 (4 spans)
2026-07-23 11:40:00,395 INFO    homeapm.ws: emitted trace for [sim] Sensor Jitter (run a14c2a711e6e2d5f67d11394181b3956)
2026-07-23 11:40:00,455 INFO    homeapm: converted run ab300dad27cd0a465926e93741063fc4 -> trace f12ba63f5234d787adb1b6104b9565d0 (7 spans)
2026-07-23 11:40:00,455 INFO    homeapm.ws: emitted trace for Hallway Lights 3AM (run ab300dad27cd0a465926e93741063fc4)
2026-07-23 11:40:24,519 INFO    homeapm: converted run 01d98cd673e0bf37c7ef872dcab83366 -> trace 8d6aac11b796d872eb296f64f5816955 (20 spans)
2026-07-23 11:40:24,519 INFO    homeapm.ws: emitted trace for Good Night (run 01d98cd673e0bf37c7ef872dcab83366)
2026-07-23 11:40:45,352 INFO    homeapm: converted run f0846ebdcc4a32491fbaed1a6a7c020f -> trace e514fbc82f3b80be0a791c3823a2f489 (5 spans)
2026-07-23 11:40:45,352 INFO    homeapm.ws: emitted trace for [sim] Battery Nudge (run f0846ebdcc4a32491fbaed1a6a7c020f)
2026-07-23 11:40:45,402 INFO    homeapm: converted run 20b6398a2cc498586f005b6d96a304d4 -> trace 71cb4f97243091a7b66a8fae559e90b4 (10 spans)
2026-07-23 11:40:45,402 INFO    homeapm.ws: emitted trace for Garage Check (run 20b6398a2cc498586f005b6d96a304d4)
2026-07-23 11:41:00,359 INFO    homeapm: converted run b21ef5ea0e6358f142e09a0a6a3715c0 -> trace 47473090633615601d42b649530c29d3 (4 spans)
2026-07-23 11:41:00,359 INFO    homeapm.ws: emitted trace for [sim] Sensor Jitter (run b21ef5ea0e6358f142e09a0a6a3715c0)
2026-07-23 11:42:00,349 INFO    homeapm: converted run 1ae2753a16e44ebb706b6c7d6b285a6e -> trace 140a700bf387dd6ce690c7e1e51d3475 (7 spans)
2026-07-23 11:42:00,350 INFO    homeapm.ws: emitted trace for Hallway Lights 3AM (run 1ae2753a16e44ebb706b6c7d6b285a6e)
2026-07-23 11:42:00,409 INFO    homeapm: converted run 4f288cafacba2e19738a74c925ca0087 -> trace 1333eab643f594da6bb476de03677535 (4 spans)
2026-07-23 11:42:00,410 INFO    homeapm.ws: emitted trace for [sim] Sensor Jitter (run 4f288cafacba2e19738a74c925ca0087)
2026-07-23 11:42:24,394 INFO    homeapm: converted run 1f3012a54f9a0fe20d2fc3a7b247449d -> trace 57db4f191c2d4fefc1b35c540503552e (20 spans)
2026-07-23 11:42:24,394 INFO    homeapm.ws: emitted trace for Good Night (run 1f3012a54f9a0fe20d2fc3a7b247449d)
2026-07-23 11:42:45,240 INFO    homeapm: converted run a9b930d317b5eb26906861c9387a75ec -> trace 6465efc72fbd0d1836362daba7c2fbc6 (5 spans)
2026-07-23 11:42:45,240 INFO    homeapm.ws: emitted trace for [sim] Battery Nudge (run a9b930d317b5eb26906861c9387a75ec)
2026-07-23 11:42:45,289 INFO    homeapm: converted run 3948cfacced9c5522a9080483b58e609 -> trace 2728897f2d90d2f00e8d3093479b94a2 (10 spans)
2026-07-23 11:42:45,290 INFO    homeapm.ws: emitted trace for Garage Check (run 3948cfacced9c5522a9080483b58e609)
2026-07-23 11:42:48,692 INFO    homeapm: converted run 3a26047b022d8ef2b271ffc98c334862 -> trace 500a103241769320a419f590bde43e21 (8 spans)
2026-07-23 11:42:48,692 INFO    homeapm.ws: emitted trace for Morning Routine (run 3a26047b022d8ef2b271ffc98c334862)
2026-07-23 11:43:00,354 INFO    homeapm: converted run 8cf4e3035e16daac13c2ee1c7b968764 -> trace 35abc0205454bc8abfa300aea6281485 (4 spans)
2026-07-23 11:43:00,355 INFO    homeapm.ws: emitted trace for [sim] Sensor Jitter (run 8cf4e3035e16daac13c2ee1c7b968764)
2026-07-23 11:44:00,336 INFO    homeapm: converted run c380193047d91ecbd33cfdf6aff05173 -> trace ef0f54c32b48cd9f8d9d5b73b1424dfb (7 spans)
2026-07-23 11:44:00,336 INFO    homeapm.ws: emitted trace for Hallway Lights 3AM (run c380193047d91ecbd33cfdf6aff05173)
2026-07-23 11:44:00,397 INFO    homeapm: converted run bf4113a9f6284e12ed4dfedcd1f071ec -> trace 03b663efa99a64698147096446346b6c (4 spans)
2026-07-23 11:44:00,397 INFO    homeapm.ws: emitted trace for [sim] Sensor Jitter (run bf4113a9f6284e12ed4dfedcd1f071ec)
2026-07-23 11:44:24,396 INFO    homeapm: converted run 01634d4abbee3f9218f03d57f40db1df -> trace 7cf697ddfdf930b6589bc4b9567e4b84 (20 spans)
2026-07-23 11:44:24,396 INFO    homeapm.ws: emitted trace for Good Night (run 01634d4abbee3f9218f03d57f40db1df)
2026-07-23 11:44:45,247 INFO    homeapm: converted run a2bc909ab23f57bc12a2aa958f980679 -> trace ec8e2b2db2c6bab297405478903796b7 (5 spans)
2026-07-23 11:44:45,248 INFO    homeapm.ws: emitted trace for [sim] Battery Nudge (run a2bc909ab23f57bc12a2aa958f980679)
2026-07-23 11:44:45,297 INFO    homeapm: converted run ae23fcf8935d6934ceaf12fee09fb588 -> trace cf3844285a492ffb0c603870184a4e45 (10 spans)
2026-07-23 11:44:45,298 INFO    homeapm.ws: emitted trace for Garage Check (run ae23fcf8935d6934ceaf12fee09fb588)
2026-07-23 11:45:00,375 INFO    homeapm: converted run f9fb1637444e175cfacf82f5b6f0bf71 -> trace f0b89215440fc53ac0109cee621112dd (4 spans)
2026-07-23 11:45:00,375 INFO    homeapm.ws: emitted trace for [sim] Sensor Jitter (run f9fb1637444e175cfacf82f5b6f0bf71)
2026-07-23 11:49:52,406 INFO    homeapm: converted run eb5f7122a30395029053475ea7e46661 -> trace 4b13e3c1196c6eb7f12a973c58254065 (8 spans)
2026-07-23 11:49:52,406 INFO    homeapm.ws: emitted trace for Morning Routine (run eb5f7122a30395029053475ea7e46661)
2026-07-23 11:50:02,443 INFO    homeapm: converted run ae9e09a1a749574a98976b1d1f22082f -> trace 1e6a49c0697c4370195799a955d43222 (7 spans)
2026-07-23 11:50:02,443 INFO    homeapm.ws: emitted trace for Hallway Lights 3AM (run ae9e09a1a749574a98976b1d1f22082f)
2026-07-23 11:50:02,503 INFO    homeapm: converted run 9f5914a9c0a9c085b4f7c09c8a1b26e9 -> trace 2844d26555146f29ebce731a918d8822 (4 spans)
2026-07-23 11:50:02,504 INFO    homeapm.ws: emitted trace for [sim] Sensor Jitter (run 9f5914a9c0a9c085b4f7c09c8a1b26e9)
2026-07-23 11:50:04,364 INFO    homeapm: converted run 2c6f597233b7ab98e8b9789d84e267f5 -> trace a3c4566bba4064aa0acf7af5967c474e (4 spans)
2026-07-23 11:50:04,365 INFO    homeapm.ws: emitted trace for SigNoz Alert Received (run 2c6f597233b7ab98e8b9789d84e267f5)
2026-07-23 11:50:26,471 INFO    homeapm: converted run d3d7ed95e293a1eb6daf277da8eb4587 -> trace 05c9eefbe8b6d07909a6d6bd9a9a59c6 (20 spans)
2026-07-23 11:50:26,471 INFO    homeapm.ws: emitted trace for Good Night (run d3d7ed95e293a1eb6daf277da8eb4587)
2026-07-23 11:50:34,320 INFO    homeapm: converted run cc1f6edb58934ee306ca13e95c2fd16b -> trace 4e5ad742656bc10d9f710900fc5f5cff (4 spans)
2026-07-23 11:50:34,321 INFO    homeapm.ws: emitted trace for SigNoz Alert Received (run cc1f6edb58934ee306ca13e95c2fd16b)
2026-07-23 11:50:47,335 INFO    homeapm: converted run 80acc9e39d2f6d7891f4053ef93c62e6 -> trace d26a27484818c13614c57da35b0d116e (5 spans)
2026-07-23 11:50:47,335 INFO    homeapm.ws: emitted trace for [sim] Battery Nudge (run 80acc9e39d2f6d7891f4053ef93c62e6)
2026-07-23 11:50:47,386 INFO    homeapm: converted run b2224b351a486e0639a14a011bba156b -> trace bd3d1d0c28cc98ab4bc16d1d463c662e (10 spans)
2026-07-23 11:50:47,387 INFO    homeapm.ws: emitted trace for Garage Check (run b2224b351a486e0639a14a011bba156b)
2026-07-23 11:51:00,377 INFO    homeapm: converted run 02802186d51d877a34814cb143bf519e -> trace 407e8299331c3e6d27254b733e116640 (4 spans)
2026-07-23 11:51:00,377 INFO    homeapm.ws: emitted trace for [sim] Sensor Jitter (run 02802186d51d877a34814cb143bf519e)
2026-07-23 11:52:00,324 INFO    homeapm: converted run 9970591ef95debbe628592dc2397f7ca -> trace 357d6106859f564ad086e7bbb053c90b (7 spans)
2026-07-23 11:52:00,324 INFO    homeapm.ws: emitted trace for Hallway Lights 3AM (run 9970591ef95debbe628592dc2397f7ca)
2026-07-23 11:52:00,384 INFO    homeapm: converted run aca61f548e09389e753bf618e6bb49f6 -> trace 7d95cc1414763733abf1bf4ccf068841 (4 spans)
2026-07-23 11:52:00,385 INFO    homeapm.ws: emitted trace for [sim] Sensor Jitter (run aca61f548e09389e753bf618e6bb49f6)
2026-07-23 11:52:24,372 INFO    homeapm: converted run f8f7c52190e6c9de2baffe502fd9cf0f -> trace ce5d36ca55d2acc5dddd13ed377c1bce (20 spans)
2026-07-23 11:52:24,372 INFO    homeapm.ws: emitted trace for Good Night (run f8f7c52190e6c9de2baffe502fd9cf0f)
2026-07-23 11:52:45,254 INFO    homeapm: converted run 7ad793abad8ef9ca90e62fcf26f2daf5 -> trace c449da42d08ad927241482720b465fdb (5 spans)
2026-07-23 11:52:45,255 INFO    homeapm.ws: emitted trace for [sim] Battery Nudge (run 7ad793abad8ef9ca90e62fcf26f2daf5)
2026-07-23 11:52:45,305 INFO    homeapm: converted run 18bcd27bce57f92940dbcfcd0e732941 -> trace ff524d49166af775ac9daf0152af9aef (10 spans)
2026-07-23 11:52:45,305 INFO    homeapm.ws: emitted trace for Garage Check (run 18bcd27bce57f92940dbcfcd0e732941)
2026-07-23 11:52:50,799 INFO    homeapm: converted run 61de3171be727938e1148789f96ed787 -> trace 6c3c3bf4923484d2b18ffb5d76bbc64c (8 spans)
2026-07-23 11:52:50,799 INFO    homeapm.ws: emitted trace for Morning Routine (run 61de3171be727938e1148789f96ed787)
2026-07-23 11:53:00,363 INFO    homeapm: converted run cc6230e68f9ec1b7acec66bdf2ac6546 -> trace e60f3f6aec7ea382c6277e4f307b1689 (4 spans)
2026-07-23 11:53:00,363 INFO    homeapm.ws: emitted trace for [sim] Sensor Jitter (run cc6230e68f9ec1b7acec66bdf2ac6546)
2026-07-23 11:54:00,330 INFO    homeapm: converted run 2a6fa0781f698ee249a00fc04f091fb0 -> trace cdb30f5f78cc78f08d917e41b9b4f6c4 (7 spans)
2026-07-23 11:54:00,330 INFO    homeapm.ws: emitted trace for Hallway Lights 3AM (run 2a6fa0781f698ee249a00fc04f091fb0)
2026-07-23 11:54:00,391 INFO    homeapm: converted run 3b0cf3616d701f3d0a02dbbd4a0bd6f8 -> trace dadf131ee26a3c603ba1bd487a75cec3 (4 spans)
2026-07-23 11:54:00,391 INFO    homeapm.ws: emitted trace for [sim] Sensor Jitter (run 3b0cf3616d701f3d0a02dbbd4a0bd6f8)
2026-07-23 11:54:24,373 INFO    homeapm: converted run d8226582ac374a60529376c53dc113ca -> trace 33e06d9a011d70d02e7b7eede3ba0e68 (20 spans)
2026-07-23 11:54:24,373 INFO    homeapm.ws: emitted trace for Good Night (run d8226582ac374a60529376c53dc113ca)
2026-07-23 11:54:45,259 INFO    homeapm: converted run 4a9177d1bbbaf31b1f2648b4dd03e3a8 -> trace c18f3e24a4660e91b83577c46d6c4bde (5 spans)
2026-07-23 11:54:45,259 INFO    homeapm.ws: emitted trace for [sim] Battery Nudge (run 4a9177d1bbbaf31b1f2648b4dd03e3a8)
2026-07-23 11:54:45,308 INFO    homeapm: converted run 4037706ccf2f2dffc9d73e1a668650d9 -> trace 3a920547d001219c1771e916b912d05f (10 spans)
2026-07-23 11:54:45,309 INFO    homeapm.ws: emitted trace for Garage Check (run 4037706ccf2f2dffc9d73e1a668650d9)
2026-07-23 11:54:48,725 INFO    homeapm: converted run 1dd82c5fca608359779a3de4e4d17127 -> trace 2d3543d1c008ee26835a0e6d2876a12a (8 spans)
2026-07-23 11:54:48,725 INFO    homeapm.ws: emitted trace for Morning Routine (run 1dd82c5fca608359779a3de4e4d17127)
2026-07-23 11:55:00,356 INFO    homeapm: converted run ef55e95bbb919f574ce47e820f46ac1f -> trace 08849a676cc43beb3a817f9e3d55e7a3 (4 spans)
2026-07-23 11:55:00,356 INFO    homeapm.ws: emitted trace for [sim] Sensor Jitter (run ef55e95bbb919f574ce47e820f46ac1f)
2026-07-23 11:56:00,330 INFO    homeapm: converted run aae9d25a4b823989be596d29ac79a329 -> trace c2166224e15e2dd9c5b663648263104d (7 spans)
2026-07-23 11:56:00,331 INFO    homeapm.ws: emitted trace for Hallway Lights 3AM (run aae9d25a4b823989be596d29ac79a329)
2026-07-23 11:56:00,390 INFO    homeapm: converted run 7fe369bafe65385067668acc3fa161c4 -> trace 08900229810c6fa2ab2bbcfa5df7ec60 (4 spans)
2026-07-23 11:56:00,391 INFO    homeapm.ws: emitted trace for [sim] Sensor Jitter (run 7fe369bafe65385067668acc3fa161c4)
2026-07-23 11:56:24,377 INFO    homeapm: converted run 8e4ae320ff748f96489f581713caab0e -> trace b2b793e70aff0e7c157d09c18a6e5e03 (20 spans)
2026-07-23 11:56:24,378 INFO    homeapm.ws: emitted trace for Good Night (run 8e4ae320ff748f96489f581713caab0e)
2026-07-23 11:56:45,264 INFO    homeapm: converted run ad85acebf44fab14f862a0e9daab60b8 -> trace cea0b28035a99047fad3d93ade936e57 (5 spans)
2026-07-23 11:56:45,264 INFO    homeapm.ws: emitted trace for [sim] Battery Nudge (run ad85acebf44fab14f862a0e9daab60b8)
2026-07-23 11:56:45,314 INFO    homeapm: converted run f19915f50aa77f98db51781404b0c0da -> trace 03cc04af9bbfcb5c57024fd46304ef35 (10 spans)
2026-07-23 11:56:45,314 INFO    homeapm.ws: emitted trace for Garage Check (run f19915f50aa77f98db51781404b0c0da)
2026-07-23 11:57:00,373 INFO    homeapm: converted run 3a5d6f82f3f08d7f38b7e2c1fb28ed21 -> trace 944806a7b2fe9236282c5f0f958ace32 (4 spans)
2026-07-23 11:57:00,373 INFO    homeapm.ws: emitted trace for [sim] Sensor Jitter (run 3a5d6f82f3f08d7f38b7e2c1fb28ed21)
2026-07-23 11:57:48,695 INFO    homeapm: converted run e6c8c86a4b11e6eff871e740eb5af1bc -> trace af77137382d65d9b54f961b9ba381ee7 (8 spans)
2026-07-23 11:57:48,696 INFO    homeapm.ws: emitted trace for Morning Routine (run e6c8c86a4b11e6eff871e740eb5af1bc)
2026-07-23 11:58:00,330 INFO    homeapm: converted run 9e6ac267169f521f6473593506c3eaa1 -> trace 83ba487ce06bca119699788080acb41c (7 spans)
2026-07-23 11:58:00,330 INFO    homeapm.ws: emitted trace for Hallway Lights 3AM (run 9e6ac267169f521f6473593506c3eaa1)
2026-07-23 11:58:00,389 INFO    homeapm: converted run d5c478394b8bc667579862d562f3211e -> trace 3495c6a753a15d066790ac486ad8ccdf (4 spans)
2026-07-23 11:58:00,390 INFO    homeapm.ws: emitted trace for [sim] Sensor Jitter (run d5c478394b8bc667579862d562f3211e)
2026-07-23 11:58:24,395 INFO    homeapm: converted run 6db9dec97f6fc4da9c2fbddf23190c25 -> trace 15fdeba0c4181640ef66848216e36166 (20 spans)
2026-07-23 11:58:24,395 INFO    homeapm.ws: emitted trace for Good Night (run 6db9dec97f6fc4da9c2fbddf23190c25)
2026-07-23 11:58:45,248 INFO    homeapm: converted run 18deaa8f14766afdf5e3a8d5485837ee -> trace e8210a823e3555105c678e5ccc3cc9c5 (5 spans)
2026-07-23 11:58:45,248 INFO    homeapm.ws: emitted trace for [sim] Battery Nudge (run 18deaa8f14766afdf5e3a8d5485837ee)
2026-07-23 11:58:45,298 INFO    homeapm: converted run d7b7464821a88f4cdfd1acf627468e6c -> trace 5f159b0f50878929bef885431a047875 (10 spans)
2026-07-23 11:58:45,298 INFO    homeapm.ws: emitted trace for Garage Check (run d7b7464821a88f4cdfd1acf627468e6c)
2026-07-23 12:01:27,176 INFO    homeapm: converted run 51f10747c1008ce2ec7eb483bccd5e58 -> trace ffb00718b7c46fe46066b33632b0d241 (4 spans)
2026-07-23 12:01:27,178 INFO    homeapm.ws: emitted trace for [sim] Sensor Jitter (run 51f10747c1008ce2ec7eb483bccd5e58)
2026-07-23 12:02:00,386 INFO    homeapm: converted run 2099632c2542b85052e967f2a5fb1f8b -> trace 6dfd91e04dbd5f601170c0070a4d2fee (4 spans)
2026-07-23 12:02:00,386 INFO    homeapm.ws: emitted trace for [sim] Sensor Jitter (run 2099632c2542b85052e967f2a5fb1f8b)
2026-07-23 12:02:27,094 INFO    homeapm: converted run 723da78693443bdfe5145b6c59b90c13 -> trace 79cfe4ad5de6d7e886758293dc606563 (7 spans)
2026-07-23 12:02:27,094 INFO    homeapm.ws: emitted trace for Hallway Lights 3AM (run 723da78693443bdfe5145b6c59b90c13)
2026-07-23 12:02:51,148 INFO    homeapm: converted run 8c04671207cd50f8ee6d57d1261e18be -> trace 4f8760b5908e355b39a04e8fb02ed330 (20 spans)
2026-07-23 12:02:51,149 INFO    homeapm.ws: emitted trace for Good Night (run 8c04671207cd50f8ee6d57d1261e18be)
2026-07-23 12:03:00,399 INFO    homeapm: converted run 14546a312820b3c5339990e8d50ff6eb -> trace 81d4941d29f6381f3426b0bde9bc37e0 (4 spans)
2026-07-23 12:03:00,399 INFO    homeapm.ws: emitted trace for [sim] Sensor Jitter (run 14546a312820b3c5339990e8d50ff6eb)
2026-07-23 12:03:12,009 INFO    homeapm: converted run 45c1436a179410835a91b0873700b61d -> trace 24927add4fc0c67c911cda4b2ddbb2bc (5 spans)
2026-07-23 12:03:12,010 INFO    homeapm.ws: emitted trace for [sim] Battery Nudge (run 45c1436a179410835a91b0873700b61d)
2026-07-23 12:03:12,069 INFO    homeapm: converted run 2cd9d7a805de4271e01c988701eb54ec -> trace e0769f51b2c5cc7318db891f122e1e23 (10 spans)
2026-07-23 12:03:12,069 INFO    homeapm.ws: emitted trace for Garage Check (run 2cd9d7a805de4271e01c988701eb54ec)
2026-07-23 12:03:15,515 INFO    homeapm: converted run c6e0ef62a7ac57da61155c88e39eaef1 -> trace 54035b54cdbfad2a31b1659f436d4964 (8 spans)
2026-07-23 12:03:15,516 INFO    homeapm.ws: emitted trace for Morning Routine (run c6e0ef62a7ac57da61155c88e39eaef1)
2026-07-23 12:04:00,338 INFO    homeapm: converted run 09aadd2ae02cda645b8e328a8a9c97c4 -> trace d71d5c8d59c1bfa8e2f14f307e0923f5 (7 spans)
2026-07-23 12:04:00,339 INFO    homeapm.ws: emitted trace for Hallway Lights 3AM (run 09aadd2ae02cda645b8e328a8a9c97c4)
2026-07-23 12:04:00,398 INFO    homeapm: converted run a489d3d2cbf8bae380fc008f16164e04 -> trace a17b02a3752964df90b846e9221373d0 (4 spans)
2026-07-23 12:04:00,398 INFO    homeapm.ws: emitted trace for [sim] Sensor Jitter (run a489d3d2cbf8bae380fc008f16164e04)
2026-07-23 12:04:24,362 INFO    homeapm: converted run 7d07a00ea3f342321a3f7cc90246766b -> trace fe49de465ad4b361e5cfa2a4864f61ea (20 spans)
2026-07-23 12:04:24,362 INFO    homeapm.ws: emitted trace for Good Night (run 7d07a00ea3f342321a3f7cc90246766b)
2026-07-23 12:04:45,249 INFO    homeapm: converted run d4256b6674871397e9974f4e8c392244 -> trace da5cf5be90b720f2528b6a340070ffbd (5 spans)
2026-07-23 12:04:45,250 INFO    homeapm.ws: emitted trace for [sim] Battery Nudge (run d4256b6674871397e9974f4e8c392244)
2026-07-23 12:04:45,309 INFO    homeapm: converted run ededeaf85308343dc5c32e29c2b2a2b8 -> trace fcfbd7677aeefbf14b6a3c718d89c7c6 (10 spans)
2026-07-23 12:04:45,309 INFO    homeapm.ws: emitted trace for Garage Check (run ededeaf85308343dc5c32e29c2b2a2b8)
2026-07-23 12:05:00,360 INFO    homeapm: converted run d52f34a5bcfea2f1c922c6d4ffd6343c -> trace 86dbdb21c1f38d53a45b7bf7c628727a (4 spans)
2026-07-23 12:05:00,360 INFO    homeapm.ws: emitted trace for [sim] Sensor Jitter (run d52f34a5bcfea2f1c922c6d4ffd6343c)
2026-07-23 12:06:00,318 INFO    homeapm: converted run c37bbff28a001e68ddd3b47274fdca45 -> trace 3a457a6c8735cd60f5cbd61e894f5553 (7 spans)
2026-07-23 12:06:00,318 INFO    homeapm.ws: emitted trace for Hallway Lights 3AM (run c37bbff28a001e68ddd3b47274fdca45)
2026-07-23 12:06:00,377 INFO    homeapm: converted run a0f821e120e6c228a4ff5c37c2236a6e -> trace b3dce5610f0eae66e6fbfdf6ca266769 (4 spans)
2026-07-23 12:06:00,377 INFO    homeapm.ws: emitted trace for [sim] Sensor Jitter (run a0f821e120e6c228a4ff5c37c2236a6e)
2026-07-23 12:06:24,357 INFO    homeapm: converted run 384ad3ef50cf53567f8b4a18f9fa1a42 -> trace 888795b602d4fba44cca245d1782c885 (20 spans)
2026-07-23 12:06:24,359 INFO    homeapm.ws: emitted trace for Good Night (run 384ad3ef50cf53567f8b4a18f9fa1a42)
2026-07-23 12:06:45,264 INFO    homeapm: converted run 24ba1799e4fc7048373bd9d3109e45e5 -> trace 7d392191faa7f8f6399bf5b9b94edf01 (5 spans)
2026-07-23 12:06:45,265 INFO    homeapm.ws: emitted trace for [sim] Battery Nudge (run 24ba1799e4fc7048373bd9d3109e45e5)
2026-07-23 12:06:45,324 INFO    homeapm: converted run 4767b6b40d8e3a223472150bcbe7a3a7 -> trace 4a26ba61cdf7665f5f31bcfea24d0d94 (10 spans)
2026-07-23 12:06:45,324 INFO    homeapm.ws: emitted trace for Garage Check (run 4767b6b40d8e3a223472150bcbe7a3a7)
2026-07-23 12:06:48,701 INFO    homeapm: converted run db177d99727324bb9bbc3f92e81ff074 -> trace 0adcdc128b62399a59f436ad71394f17 (8 spans)
2026-07-23 12:06:48,701 INFO    homeapm.ws: emitted trace for Morning Routine (run db177d99727324bb9bbc3f92e81ff074)
2026-07-23 12:07:00,376 INFO    homeapm: converted run fa5e968d9bc3f950018a46208f5a5e43 -> trace 853a499d838b27c6f092afe03ba8a45c (4 spans)
2026-07-23 12:07:00,377 INFO    homeapm.ws: emitted trace for [sim] Sensor Jitter (run fa5e968d9bc3f950018a46208f5a5e43)
2026-07-23 12:08:00,350 INFO    homeapm: converted run b7cf5e24c346a9dd747a774afadee391 -> trace 719ce058aba5ad1e6ecd6bb0ce671e6d (7 spans)
2026-07-23 12:08:00,350 INFO    homeapm.ws: emitted trace for Hallway Lights 3AM (run b7cf5e24c346a9dd747a774afadee391)
2026-07-23 12:08:00,411 INFO    homeapm: converted run 83a42fb2ea05c2561e568b95c6fc0ac4 -> trace ce20d20781d8188c2d6438a9e87f20c2 (4 spans)
2026-07-23 12:08:00,411 INFO    homeapm.ws: emitted trace for [sim] Sensor Jitter (run 83a42fb2ea05c2561e568b95c6fc0ac4)
2026-07-23 12:08:24,345 INFO    homeapm: converted run 3fe10390b234fa85b96a8997a8c03bf7 -> trace 505c5b56ef02a0699b8206b43390735b (20 spans)
2026-07-23 12:08:24,346 INFO    homeapm.ws: emitted trace for Good Night (run 3fe10390b234fa85b96a8997a8c03bf7)
2026-07-23 12:08:45,257 INFO    homeapm: converted run e484d499499c2d3cca0dfd6ef6a9024d -> trace f7f775d009ec69cefb32fcd1aeb69481 (5 spans)
2026-07-23 12:08:45,257 INFO    homeapm.ws: emitted trace for [sim] Battery Nudge (run e484d499499c2d3cca0dfd6ef6a9024d)
2026-07-23 12:08:45,315 INFO    homeapm: converted run cc68978d174a16d37106325ea1ece886 -> trace ca86a1099fe0c072a1b972bb2b04d4d6 (10 spans)
2026-07-23 12:08:45,316 INFO    homeapm.ws: emitted trace for Garage Check (run cc68978d174a16d37106325ea1ece886)
2026-07-23 12:09:00,382 INFO    homeapm: converted run ce1ec2fbe18c6d77675eb1c6e87c0fdc -> trace 0dbe67204ef170ff79df9623d2db5f87 (4 spans)
2026-07-23 12:09:00,382 INFO    homeapm.ws: emitted trace for [sim] Sensor Jitter (run ce1ec2fbe18c6d77675eb1c6e87c0fdc)
2026-07-23 12:09:48,728 INFO    homeapm: converted run 4a1d429668e819afdffff83e9e9014e1 -> trace 5bd608e3477e2967d2ef6be4f1421a7b (8 spans)
2026-07-23 12:09:48,729 INFO    homeapm.ws: emitted trace for Morning Routine (run 4a1d429668e819afdffff83e9e9014e1)
2026-07-23 12:10:00,348 INFO    homeapm: converted run ca954eadf647cebb8a8381541f5a082e -> trace a007c6397892f67f2b984068607f54f5 (7 spans)
2026-07-23 12:10:00,348 INFO    homeapm.ws: emitted trace for Hallway Lights 3AM (run ca954eadf647cebb8a8381541f5a082e)
2026-07-23 12:10:00,407 INFO    homeapm: converted run b646536c7a86536c52df14c3cf5fc3ee -> trace 6ea76eb36c1db94f374921fa8e9e3996 (4 spans)
2026-07-23 12:10:00,409 INFO    homeapm.ws: emitted trace for [sim] Sensor Jitter (run b646536c7a86536c52df14c3cf5fc3ee)
2026-07-23 12:10:24,408 INFO    homeapm: converted run 8c0a5ae91f9f76824433aa2013893b28 -> trace cfaa8cf229df871d8e40832b8709ef5a (20 spans)
2026-07-23 12:10:24,409 INFO    homeapm.ws: emitted trace for Good Night (run 8c0a5ae91f9f76824433aa2013893b28)
2026-07-23 12:10:45,228 INFO    homeapm: converted run 4fcf22fd628c8fe4be147e43e264e0d9 -> trace 0d88967bc5ed11c8d000ffa37e93d369 (5 spans)
2026-07-23 12:10:45,228 INFO    homeapm.ws: emitted trace for [sim] Battery Nudge (run 4fcf22fd628c8fe4be147e43e264e0d9)
2026-07-23 12:10:45,279 INFO    homeapm: converted run c34030772e75f54f30bc2ee7132ff926 -> trace 02eac0577d9ba5a7127c17bcb9e4d2c8 (10 spans)
2026-07-23 12:10:45,280 INFO    homeapm.ws: emitted trace for Garage Check (run c34030772e75f54f30bc2ee7132ff926)
2026-07-23 12:11:00,315 INFO    homeapm: converted run 3e8ff00ae14969bd464c4e06480f44bc -> trace 1250d8f19f3932c9f769b05ecc64cf3d (4 spans)
2026-07-23 12:11:00,315 INFO    homeapm.ws: emitted trace for [sim] Sensor Jitter (run 3e8ff00ae14969bd464c4e06480f44bc)
2026-07-23 12:12:00,327 INFO    homeapm: converted run 9e396468efefa6a54ff462dbb3a0a768 -> trace e31732a6f4954e6ad7746f895b315549 (7 spans)
2026-07-23 12:12:00,327 INFO    homeapm.ws: emitted trace for Hallway Lights 3AM (run 9e396468efefa6a54ff462dbb3a0a768)
2026-07-23 12:12:00,376 INFO    homeapm: converted run 2cbade74ad26de0ce32e758c02dfed4f -> trace c1f2e6754566020b2beee00f8acffed7 (4 spans)
2026-07-23 12:12:00,376 INFO    homeapm.ws: emitted trace for [sim] Sensor Jitter (run 2cbade74ad26de0ce32e758c02dfed4f)
2026-07-23 12:12:24,370 INFO    homeapm: converted run dda5a0bb5340f85b52f8b034f48750d7 -> trace 5b01c74f3273df7bf762986b178ddba2 (20 spans)
2026-07-23 12:12:24,370 INFO    homeapm.ws: emitted trace for Good Night (run dda5a0bb5340f85b52f8b034f48750d7)
2026-07-23 12:12:45,242 INFO    homeapm: converted run 798bfc895932be71c3a7d6ee704f8a6b -> trace 1881f8a8c3491564fe160f3b0b5e996a (5 spans)
2026-07-23 12:12:45,242 INFO    homeapm.ws: emitted trace for [sim] Battery Nudge (run 798bfc895932be71c3a7d6ee704f8a6b)
2026-07-23 12:12:45,292 INFO    homeapm: converted run 618cb9a634a2ba2ea299829a5ee93ae0 -> trace c9b48799fbfcd5b9262460e05490aa2d (10 spans)
2026-07-23 12:12:45,292 INFO    homeapm.ws: emitted trace for Garage Check (run 618cb9a634a2ba2ea299829a5ee93ae0)
2026-07-23 12:12:48,675 INFO    homeapm: converted run 44b6703e076d16cd6f38563b283294d0 -> trace 6610bbe13d2c56263f60c765757211f7 (8 spans)
2026-07-23 12:12:48,675 INFO    homeapm.ws: emitted trace for Morning Routine (run 44b6703e076d16cd6f38563b283294d0)
2026-07-23 12:13:00,357 INFO    homeapm: converted run b3a3920607a2543ba8aedf552e2551c0 -> trace a21eedd6b1c36538d60bdca01ef0b4ef (4 spans)
2026-07-23 12:13:00,357 INFO    homeapm.ws: emitted trace for [sim] Sensor Jitter (run b3a3920607a2543ba8aedf552e2551c0)
2026-07-23 12:14:00,328 INFO    homeapm: converted run ebb56c846ab8764fff653900e18fc688 -> trace 563ea7d0f26759eab73085781814a315 (7 spans)
2026-07-23 12:14:00,328 INFO    homeapm.ws: emitted trace for Hallway Lights 3AM (run ebb56c846ab8764fff653900e18fc688)
2026-07-23 12:14:00,377 INFO    homeapm: converted run 30a7476ff7abbb14b8a595d6c12fa362 -> trace a0cc28660c774b61caba59e4ab27b909 (4 spans)
2026-07-23 12:14:00,377 INFO    homeapm.ws: emitted trace for [sim] Sensor Jitter (run 30a7476ff7abbb14b8a595d6c12fa362)
2026-07-23 12:14:24,352 INFO    homeapm: converted run ea7a38b546fc35f5d28c4bf802f3487b -> trace 5f7f23a5b490789e8fa9540f185a3957 (20 spans)
2026-07-23 12:14:24,352 INFO    homeapm.ws: emitted trace for Good Night (run ea7a38b546fc35f5d28c4bf802f3487b)
2026-07-23 12:14:45,225 INFO    homeapm: converted run 0ae42dd478762684f13b74041dbfba94 -> trace b966c50f376c46967d0bd8a40192e2cd (5 spans)
2026-07-23 12:14:45,225 INFO    homeapm.ws: emitted trace for [sim] Battery Nudge (run 0ae42dd478762684f13b74041dbfba94)
2026-07-23 12:14:45,275 INFO    homeapm: converted run 616647f576c517b56da3eac7c6a52307 -> trace b5386012ec374766d8872e6dc1a5a29f (10 spans)
2026-07-23 12:14:45,276 INFO    homeapm.ws: emitted trace for Garage Check (run 616647f576c517b56da3eac7c6a52307)
2026-07-23 12:15:00,360 INFO    homeapm: converted run 9d4fb709d2cc2bf18193297226cc84ba -> trace 01559a7116c8bfabae97d0e2ea85b2e0 (4 spans)
2026-07-23 12:15:00,360 INFO    homeapm.ws: emitted trace for [sim] Sensor Jitter (run 9d4fb709d2cc2bf18193297226cc84ba)
2026-07-23 12:15:48,631 INFO    homeapm: converted run f47354b37f277cac02f143e9f47c56da -> trace 5fc8cb78b9c29079100f6c01d7ea7388 (8 spans)
2026-07-23 12:15:48,631 INFO    homeapm.ws: emitted trace for Morning Routine (run f47354b37f277cac02f143e9f47c56da)
2026-07-23 12:16:00,330 INFO    homeapm: converted run 23be4518604c5394504c057133507efd -> trace fd0660126b4510222da376855bfedc13 (7 spans)
2026-07-23 12:16:00,330 INFO    homeapm.ws: emitted trace for Hallway Lights 3AM (run 23be4518604c5394504c057133507efd)
2026-07-23 12:16:00,381 INFO    homeapm: converted run 91c446cfe1ca493479047695466280ae -> trace 1c53734ffec69e8a855029b8b2aacd1d (4 spans)
2026-07-23 12:16:00,381 INFO    homeapm.ws: emitted trace for [sim] Sensor Jitter (run 91c446cfe1ca493479047695466280ae)
2026-07-23 12:16:24,367 INFO    homeapm: converted run e71126bec726048ad190c5c51abf7bd0 -> trace 90cf670626714cfcd96a61b06f08f607 (20 spans)
2026-07-23 12:16:24,367 INFO    homeapm.ws: emitted trace for Good Night (run e71126bec726048ad190c5c51abf7bd0)
2026-07-23 12:16:45,247 INFO    homeapm: converted run f13112a75ccf65bb6357816bf7510049 -> trace 549f4940e5b012701b142e116b245952 (5 spans)
2026-07-23 12:16:45,247 INFO    homeapm.ws: emitted trace for [sim] Battery Nudge (run f13112a75ccf65bb6357816bf7510049)
2026-07-23 12:16:45,296 INFO    homeapm: converted run 253ad1381c2780f0e14dede9395e3e38 -> trace 8731fd239afb2cb844fd3db39acced71 (10 spans)
2026-07-23 12:16:45,297 INFO    homeapm.ws: emitted trace for Garage Check (run 253ad1381c2780f0e14dede9395e3e38)
2026-07-23 12:17:00,344 INFO    homeapm: converted run 43a32e0bc7a37e0b5cc0920c50adc6a8 -> trace bf0e0fe8bfd6d090bc2c667009fafb00 (4 spans)
2026-07-23 12:17:00,344 INFO    homeapm.ws: emitted trace for [sim] Sensor Jitter (run 43a32e0bc7a37e0b5cc0920c50adc6a8)
2026-07-23 12:18:00,329 INFO    homeapm: converted run 894d5ce2d6d54e0d6b46c91b987fea8b -> trace c637e077ab64e7ab640cb5b86a65e916 (7 spans)
2026-07-23 12:18:00,329 INFO    homeapm.ws: emitted trace for Hallway Lights 3AM (run 894d5ce2d6d54e0d6b46c91b987fea8b)
2026-07-23 12:18:00,380 INFO    homeapm: converted run 78e82d029219d5ad29f430b52182a00e -> trace 04db8665e09b51407dee6f26c82c6044 (4 spans)
2026-07-23 12:18:00,380 INFO    homeapm.ws: emitted trace for [sim] Sensor Jitter (run 78e82d029219d5ad29f430b52182a00e)
2026-07-23 12:18:24,384 INFO    homeapm: converted run 88f4fc4a176f188046e209394f4cf170 -> trace 45dd297f2a31fbf0acccd52ee3254939 (20 spans)
2026-07-23 12:18:24,384 INFO    homeapm.ws: emitted trace for Good Night (run 88f4fc4a176f188046e209394f4cf170)
2026-07-23 12:18:45,241 INFO    homeapm: converted run deb9ac59ab38e34e9341b19f1d3a658f -> trace e5f691c1a8689b4faa52b2aa4e30f345 (5 spans)
2026-07-23 12:18:45,242 INFO    homeapm.ws: emitted trace for [sim] Battery Nudge (run deb9ac59ab38e34e9341b19f1d3a658f)
2026-07-23 12:18:45,290 INFO    homeapm: converted run 848341fe89f9acacb19919a6ae87c536 -> trace 924e14293ce61e9e8454da8b2662343f (10 spans)
2026-07-23 12:18:45,292 INFO    homeapm.ws: emitted trace for Garage Check (run 848341fe89f9acacb19919a6ae87c536)
2026-07-23 12:18:48,722 INFO    homeapm: converted run ad86326daa47cad84fded931cb85ed62 -> trace 8b356ce8c06bde9ab9267ec2d5f4ef31 (8 spans)
2026-07-23 12:18:48,722 INFO    homeapm.ws: emitted trace for Morning Routine (run ad86326daa47cad84fded931cb85ed62)
2026-07-23 12:19:00,359 INFO    homeapm: converted run ec14d905cc1d46e86e204e4447539640 -> trace 6fcf3633b694d70908bad95e52ec4108 (4 spans)
2026-07-23 12:19:00,361 INFO    homeapm.ws: emitted trace for [sim] Sensor Jitter (run ec14d905cc1d46e86e204e4447539640)
2026-07-23 12:20:00,331 INFO    homeapm: converted run 544b7c4746df6f21b6a71dfb2d746c50 -> trace 87ba6bcef237a23076fa2ab27434206f (7 spans)
2026-07-23 12:20:00,333 INFO    homeapm.ws: emitted trace for Hallway Lights 3AM (run 544b7c4746df6f21b6a71dfb2d746c50)
2026-07-23 12:20:00,382 INFO    homeapm: converted run 479a356bc6ad45f007555b74469d764c -> trace 27a596630eff3fd119579ea69cafdac1 (4 spans)
2026-07-23 12:20:00,382 INFO    homeapm.ws: emitted trace for [sim] Sensor Jitter (run 479a356bc6ad45f007555b74469d764c)
2026-07-23 12:20:24,346 INFO    homeapm: converted run 40e086d35b7eba9890f2e53d78031f62 -> trace 2867df9b9a0f5a01787a990f1ae655dd (20 spans)
2026-07-23 12:20:24,346 INFO    homeapm.ws: emitted trace for Good Night (run 40e086d35b7eba9890f2e53d78031f62)
2026-07-23 12:20:45,245 INFO    homeapm: converted run 1b27cd9f095319410f020fdc0cc13ec4 -> trace 706cc7f444bfe115af33902c9a2e705c (5 spans)
2026-07-23 12:20:45,246 INFO    homeapm.ws: emitted trace for [sim] Battery Nudge (run 1b27cd9f095319410f020fdc0cc13ec4)
2026-07-23 12:20:45,305 INFO    homeapm: converted run eba548bc9f81ff970a9538f085535bb5 -> trace e73548055751d9eb93cb98f58e210d66 (10 spans)
2026-07-23 12:20:45,305 INFO    homeapm.ws: emitted trace for Garage Check (run eba548bc9f81ff970a9538f085535bb5)
2026-07-23 12:21:00,361 INFO    homeapm: converted run c81bc84f9d256a8eaf20be519b3cf044 -> trace 08f07da0f6fc9b8355daffa74acf153f (4 spans)
2026-07-23 12:21:00,361 INFO    homeapm.ws: emitted trace for [sim] Sensor Jitter (run c81bc84f9d256a8eaf20be519b3cf044)
2026-07-23 12:21:48,636 INFO    homeapm: converted run ca6274eb393f81b1b82e895bf5591313 -> trace 3b7dd3cdf15e2117352c180b6147c372 (8 spans)
2026-07-23 12:21:48,636 INFO    homeapm.ws: emitted trace for Morning Routine (run ca6274eb393f81b1b82e895bf5591313)
2026-07-23 12:22:00,325 INFO    homeapm: converted run a776107e9ac812776d66ac3af4cb1902 -> trace 77dc0068ba9a54f609ef164094e90f82 (7 spans)
2026-07-23 12:22:00,325 INFO    homeapm.ws: emitted trace for Hallway Lights 3AM (run a776107e9ac812776d66ac3af4cb1902)
2026-07-23 12:22:00,384 INFO    homeapm: converted run 0ce1bc0c98ec9df5b61369547eeaa00c -> trace 627c2e700ac01db987dc14110cd93bc5 (4 spans)
2026-07-23 12:22:00,385 INFO    homeapm.ws: emitted trace for [sim] Sensor Jitter (run 0ce1bc0c98ec9df5b61369547eeaa00c)
2026-07-23 12:22:24,359 INFO    homeapm: converted run 74d2fdf5de37d508134b6b8e43b0724e -> trace ca6e2f2d8be75ec93317312f7d946278 (20 spans)
2026-07-23 12:22:24,360 INFO    homeapm.ws: emitted trace for Good Night (run 74d2fdf5de37d508134b6b8e43b0724e)
2026-07-23 12:22:45,225 INFO    homeapm: converted run 487eec8b9fab5ce546bc8c12563e8749 -> trace c374c3917065cc290fd0d7ead3c70c0c (5 spans)
2026-07-23 12:22:45,225 INFO    homeapm.ws: emitted trace for [sim] Battery Nudge (run 487eec8b9fab5ce546bc8c12563e8749)
2026-07-23 12:22:45,275 INFO    homeapm: converted run 8c777430185c07f99cb2321c8e961030 -> trace 8d208bc756d0243daf045eb22666a572 (10 spans)
2026-07-23 12:22:45,275 INFO    homeapm.ws: emitted trace for Garage Check (run 8c777430185c07f99cb2321c8e961030)
2026-07-23 12:23:00,362 INFO    homeapm: converted run 3ee19e659e49de0bff9a92b8864ed4a0 -> trace a5c925c08c30ec024ae7bd5262226079 (4 spans)
2026-07-23 12:23:00,364 INFO    homeapm.ws: emitted trace for [sim] Sensor Jitter (run 3ee19e659e49de0bff9a92b8864ed4a0)
2026-07-23 12:24:00,326 INFO    homeapm: converted run e09618076d704e664afa450c70f206bc -> trace bdd4c14fded5c799a5818d5b41eed991 (7 spans)
2026-07-23 12:24:00,327 INFO    homeapm.ws: emitted trace for Hallway Lights 3AM (run e09618076d704e664afa450c70f206bc)
2026-07-23 12:24:00,376 INFO    homeapm: converted run 975cfcb325b5d5f5da3612d92a326fe0 -> trace cff49906d9fbac2827bcf4bc82ad9bb7 (4 spans)
2026-07-23 12:24:00,376 INFO    homeapm.ws: emitted trace for [sim] Sensor Jitter (run 975cfcb325b5d5f5da3612d92a326fe0)
2026-07-23 12:24:24,320 INFO    homeapm: converted run 495608844e5ea3926ec0ad2ff0c66df2 -> trace 7d64bb9c8afa15674dc467c95e16cbeb (20 spans)
2026-07-23 12:24:24,320 INFO    homeapm.ws: emitted trace for Good Night (run 495608844e5ea3926ec0ad2ff0c66df2)
2026-07-23 12:24:45,261 INFO    homeapm: converted run 1dc9aef2941379fbb6b659f4f795001c -> trace de5ac6bc3368bd80dbe6404204288783 (5 spans)
2026-07-23 12:24:45,261 INFO    homeapm.ws: emitted trace for [sim] Battery Nudge (run 1dc9aef2941379fbb6b659f4f795001c)
2026-07-23 12:24:45,311 INFO    homeapm: converted run 286241cca83cd8ddf8da6d0f9dd66c61 -> trace e1283b0186093a2e288f1b1b1ade4544 (10 spans)
2026-07-23 12:24:45,311 INFO    homeapm.ws: emitted trace for Garage Check (run 286241cca83cd8ddf8da6d0f9dd66c61)
2026-07-23 12:24:48,693 INFO    homeapm: converted run e0694a02495f7efc846e1deca76b41dd -> trace 68cf11de33f0da9ec8d99a081ba04ed1 (8 spans)
2026-07-23 12:24:48,693 INFO    homeapm.ws: emitted trace for Morning Routine (run e0694a02495f7efc846e1deca76b41dd)
2026-07-23 12:25:00,362 INFO    homeapm: converted run 7c845cfce0ec614332868f577f1a1eb1 -> trace a0cb39777c0345cfc15a93fa77267d06 (4 spans)
2026-07-23 12:25:00,363 INFO    homeapm.ws: emitted trace for [sim] Sensor Jitter (run 7c845cfce0ec614332868f577f1a1eb1)
2026-07-23 12:26:00,334 INFO    homeapm: converted run 77adbfe86d231322b117ba9473cbdfb2 -> trace e8e3bec76ef20993b8d9a55ac0068496 (7 spans)
2026-07-23 12:26:00,334 INFO    homeapm.ws: emitted trace for Hallway Lights 3AM (run 77adbfe86d231322b117ba9473cbdfb2)
2026-07-23 12:26:00,383 INFO    homeapm: converted run d7f996600f361ce83d7dfbeb476c65d5 -> trace 30815d613ce746d7d83fdfa62b5ae12c (4 spans)
2026-07-23 12:26:00,384 INFO    homeapm.ws: emitted trace for [sim] Sensor Jitter (run d7f996600f361ce83d7dfbeb476c65d5)
2026-07-23 12:26:24,368 INFO    homeapm: converted run 45285c21ff76b382739c59577c904449 -> trace e55a312ebaba79fa95d0469c5983adf0 (20 spans)
2026-07-23 12:26:24,368 INFO    homeapm.ws: emitted trace for Good Night (run 45285c21ff76b382739c59577c904449)
2026-07-23 12:26:45,254 INFO    homeapm: converted run 211fe27d3f13d4e78d3aeb65ed1115d3 -> trace 822fbd09461190a0a08c3b6c0b2b8a43 (5 spans)
2026-07-23 12:26:45,254 INFO    homeapm.ws: emitted trace for [sim] Battery Nudge (run 211fe27d3f13d4e78d3aeb65ed1115d3)
2026-07-23 12:26:45,314 INFO    homeapm: converted run 8cea8dd18de3743953e0f6f6f2b47f22 -> trace 48404a6c0b8d85dce52071d936de1500 (10 spans)
2026-07-23 12:26:45,315 INFO    homeapm.ws: emitted trace for Garage Check (run 8cea8dd18de3743953e0f6f6f2b47f22)
2026-07-23 12:27:00,369 INFO    homeapm: converted run 63078d44c6160f2fdb0fd13d28e18999 -> trace f0f54a03fb6e5b63abfcace26f448a96 (4 spans)
2026-07-23 12:27:00,369 INFO    homeapm.ws: emitted trace for [sim] Sensor Jitter (run 63078d44c6160f2fdb0fd13d28e18999)
2026-07-23 12:27:48,681 INFO    homeapm: converted run d36802e2c6ddabaf657e550188e0a6fe -> trace c2de44173b7c1b5ec7521a1c43743d9b (8 spans)
2026-07-23 12:27:48,681 INFO    homeapm.ws: emitted trace for Morning Routine (run d36802e2c6ddabaf657e550188e0a6fe)
2026-07-23 12:28:00,324 INFO    homeapm: converted run 0f85eca28a71a1af4cefc0fedc7f7c00 -> trace 8149fc739ce72481a6d2be13c7e1bb16 (7 spans)
2026-07-23 12:28:00,324 INFO    homeapm.ws: emitted trace for Hallway Lights 3AM (run 0f85eca28a71a1af4cefc0fedc7f7c00)
2026-07-23 12:28:00,374 INFO    homeapm: converted run 4ff6a2d377ad8dd3ab87a0c7be2c7c9f -> trace b68ecd1bc04afa1ecbee123902177c80 (4 spans)
2026-07-23 12:28:00,374 INFO    homeapm.ws: emitted trace for [sim] Sensor Jitter (run 4ff6a2d377ad8dd3ab87a0c7be2c7c9f)
2026-07-23 12:28:24,339 INFO    homeapm: converted run 0ab85a10fa1bb12db85e4eb371f7733d -> trace 7421309a00877763982167b6acdb953e (20 spans)
2026-07-23 12:28:24,339 INFO    homeapm.ws: emitted trace for Good Night (run 0ab85a10fa1bb12db85e4eb371f7733d)
2026-07-23 12:28:45,255 INFO    homeapm: converted run ddf8a65bbccfd7075da91b6a79c913e2 -> trace 02a511dce144f6ec0936000a3976f536 (5 spans)
2026-07-23 12:28:45,255 INFO    homeapm.ws: emitted trace for [sim] Battery Nudge (run ddf8a65bbccfd7075da91b6a79c913e2)
2026-07-23 12:28:45,304 INFO    homeapm: converted run ea5616ecb1d40251e9ded3c87d3d5548 -> trace ed72a4bd5fbfbab9a86af0f79b509c6c (10 spans)
2026-07-23 12:28:45,304 INFO    homeapm.ws: emitted trace for Garage Check (run ea5616ecb1d40251e9ded3c87d3d5548)
2026-07-23 12:29:00,366 INFO    homeapm: converted run 88358df5faf97c078312b73cad76b330 -> trace 7838f6b148775b40867439c87b79c79a (4 spans)
2026-07-23 12:29:00,366 INFO    homeapm.ws: emitted trace for [sim] Sensor Jitter (run 88358df5faf97c078312b73cad76b330)
2026-07-23 12:30:00,320 INFO    homeapm: converted run 71f2beef27838f3f3e9159703401dd71 -> trace c309be74e3f7596467e316f07a793d2b (7 spans)
2026-07-23 12:30:00,320 INFO    homeapm.ws: emitted trace for Hallway Lights 3AM (run 71f2beef27838f3f3e9159703401dd71)
2026-07-23 12:30:00,369 INFO    homeapm: converted run 7807d735e11979d1afd35b275c08f3c8 -> trace 07dd6ea39d0fda2291ac0d38ea8eac3c (4 spans)
2026-07-23 12:30:00,370 INFO    homeapm.ws: emitted trace for [sim] Sensor Jitter (run 7807d735e11979d1afd35b275c08f3c8)
2026-07-23 12:30:24,338 INFO    homeapm: converted run 58b67b6808f029ec5cd77ef0b0d1225f -> trace d681c6403e4f8d3e240029b408df8497 (20 spans)
2026-07-23 12:30:24,339 INFO    homeapm.ws: emitted trace for Good Night (run 58b67b6808f029ec5cd77ef0b0d1225f)
2026-07-23 12:30:45,241 INFO    homeapm: converted run 3512086df674059260837e7538e5ff41 -> trace 9abe234c98163cc1ad8c52569fbf1a40 (5 spans)
2026-07-23 12:30:45,241 INFO    homeapm.ws: emitted trace for [sim] Battery Nudge (run 3512086df674059260837e7538e5ff41)
2026-07-23 12:30:45,291 INFO    homeapm: converted run bea3e70d049d82a4015037b30e1dc68e -> trace f15f8816e7082213de4d6e35d3cb56b2 (10 spans)
2026-07-23 12:30:45,291 INFO    homeapm.ws: emitted trace for Garage Check (run bea3e70d049d82a4015037b30e1dc68e)
2026-07-23 12:30:48,651 INFO    homeapm: converted run bb2cdc937cb8be00d3306f5d356d7050 -> trace d0bb495e6ee15be764079b21997a9227 (8 spans)
2026-07-23 12:30:48,651 INFO    homeapm.ws: emitted trace for Morning Routine (run bb2cdc937cb8be00d3306f5d356d7050)
2026-07-23 12:31:00,357 INFO    homeapm: converted run 380b005dbd882762014b3660f6e64c00 -> trace 0ea3e2f2493bd3d3e4c5c7e8de35d2ff (4 spans)
2026-07-23 12:31:00,357 INFO    homeapm.ws: emitted trace for [sim] Sensor Jitter (run 380b005dbd882762014b3660f6e64c00)
2026-07-23 12:32:00,337 INFO    homeapm: converted run e5a55f69279f01eed260a0a6c3ad6613 -> trace e4bace84452c3748e962121ca9b26b14 (7 spans)
2026-07-23 12:32:00,337 INFO    homeapm.ws: emitted trace for Hallway Lights 3AM (run e5a55f69279f01eed260a0a6c3ad6613)
2026-07-23 12:32:00,387 INFO    homeapm: converted run 840754a2b9775c3b0226419bd95affc6 -> trace 6afa6ba1a86448a24a601e193100a9ad (4 spans)
2026-07-23 12:32:00,387 INFO    homeapm.ws: emitted trace for [sim] Sensor Jitter (run 840754a2b9775c3b0226419bd95affc6)
2026-07-23 12:32:24,331 INFO    homeapm: converted run efee3e460df812454d31589f7dcd46c1 -> trace 26a415c9ebf588e464ed35b55eb92736 (20 spans)
2026-07-23 12:32:24,331 INFO    homeapm.ws: emitted trace for Good Night (run efee3e460df812454d31589f7dcd46c1)
2026-07-23 12:32:45,217 INFO    homeapm: converted run 7f40e8dd67f87c781a4fc592eba3e7a4 -> trace 4da87c239b19aa98a8c730ed945ec80d (5 spans)
2026-07-23 12:32:45,217 INFO    homeapm.ws: emitted trace for [sim] Battery Nudge (run 7f40e8dd67f87c781a4fc592eba3e7a4)
2026-07-23 12:32:45,267 INFO    homeapm: converted run e67aa724192ef929ae0cae0f065d3be8 -> trace e90b59cf629bb36b4b3b345b4a293be4 (10 spans)
2026-07-23 12:32:45,267 INFO    homeapm.ws: emitted trace for Garage Check (run e67aa724192ef929ae0cae0f065d3be8)
2026-07-23 12:33:00,370 INFO    homeapm: converted run 1a922b5fa022d43f845b92215ec25809 -> trace f25a377c983cf3e49e29bd9b2fd6447d (4 spans)
2026-07-23 12:33:00,370 INFO    homeapm.ws: emitted trace for [sim] Sensor Jitter (run 1a922b5fa022d43f845b92215ec25809)
2026-07-23 12:33:48,671 INFO    homeapm: converted run c6e1b1be950a2d6d080665cc63abeb34 -> trace f4e471f9a461e00d07defb416046f907 (8 spans)
2026-07-23 12:33:48,672 INFO    homeapm.ws: emitted trace for Morning Routine (run c6e1b1be950a2d6d080665cc63abeb34)
2026-07-23 12:34:00,338 INFO    homeapm: converted run ad854fc698ebcdd558af89512303a8f8 -> trace 66e131408bde791356aafa4a69095edf (7 spans)
2026-07-23 12:34:00,338 INFO    homeapm.ws: emitted trace for Hallway Lights 3AM (run ad854fc698ebcdd558af89512303a8f8)
2026-07-23 12:34:00,389 INFO    homeapm: converted run b5f77bf9cc0eee7563638aae615f00a4 -> trace 626db0dc288639b3a863ccb780b4832c (4 spans)
2026-07-23 12:34:00,389 INFO    homeapm.ws: emitted trace for [sim] Sensor Jitter (run b5f77bf9cc0eee7563638aae615f00a4)
2026-07-23 12:34:24,371 INFO    homeapm: converted run 91c9098d3c4c6bcb7dd3c3253ebfbf66 -> trace b72d0f7fe50c85634481c25b2dcfc6ab (20 spans)
2026-07-23 12:34:24,371 INFO    homeapm.ws: emitted trace for Good Night (run 91c9098d3c4c6bcb7dd3c3253ebfbf66)
2026-07-23 12:34:45,230 INFO    homeapm: converted run 4b08e7a3c7b9a9b7cbd03b0c783d63a1 -> trace a659d46cb8163b62e411e16b3b720d55 (5 spans)
2026-07-23 12:34:45,231 INFO    homeapm.ws: emitted trace for [sim] Battery Nudge (run 4b08e7a3c7b9a9b7cbd03b0c783d63a1)
2026-07-23 12:34:45,280 INFO    homeapm: converted run 17a7cd6128a71127ed99466c1c34f6a7 -> trace 6c164950341635de7f26ec91abe62343 (10 spans)
2026-07-23 12:34:45,280 INFO    homeapm.ws: emitted trace for Garage Check (run 17a7cd6128a71127ed99466c1c34f6a7)
2026-07-23 12:35:00,374 INFO    homeapm: converted run 2b82525871cd46937a1f03d7a94d7ce3 -> trace 6dee4238bab7327f814a3730fb3dd027 (4 spans)
2026-07-23 12:35:00,374 INFO    homeapm.ws: emitted trace for [sim] Sensor Jitter (run 2b82525871cd46937a1f03d7a94d7ce3)
2026-07-23 12:36:00,334 INFO    homeapm: converted run a5f159c3db0ce5bb7f3f184511709e54 -> trace 457899551b0c57466897f60dc75a325f (7 spans)
2026-07-23 12:36:00,335 INFO    homeapm.ws: emitted trace for Hallway Lights 3AM (run a5f159c3db0ce5bb7f3f184511709e54)
2026-07-23 12:36:00,384 INFO    homeapm: converted run 08a77dd578f7be21c3ca6c84beee43b4 -> trace 8591331a6be966db817f2b673ee1a048 (4 spans)
2026-07-23 12:36:00,384 INFO    homeapm.ws: emitted trace for [sim] Sensor Jitter (run 08a77dd578f7be21c3ca6c84beee43b4)
2026-07-23 12:36:24,326 INFO    homeapm: converted run e5776c29f97a234227523afc2573841e -> trace 414457f7b17f254b3a76d58bbe6e8cfb (20 spans)
2026-07-23 12:36:24,326 INFO    homeapm.ws: emitted trace for Good Night (run e5776c29f97a234227523afc2573841e)
2026-07-23 12:36:45,220 INFO    homeapm: converted run c57156f244a0da641e5000a3bf405b8b -> trace 5db8094ba044584473fec70bf19c5ceb (5 spans)
2026-07-23 12:36:45,220 INFO    homeapm.ws: emitted trace for [sim] Battery Nudge (run c57156f244a0da641e5000a3bf405b8b)
2026-07-23 12:36:45,269 INFO    homeapm: converted run fec113a752a73fb67fbc31013a89da1e -> trace db8480e2ffb1920d0aa7a68e9a0d2087 (10 spans)
2026-07-23 12:36:45,269 INFO    homeapm.ws: emitted trace for Garage Check (run fec113a752a73fb67fbc31013a89da1e)
2026-07-23 12:36:48,718 INFO    homeapm: converted run 783d536d63c87c1518c4b1cd630a500d -> trace 87ca9e5ed7fa13c00f1c49a73b926289 (8 spans)
2026-07-23 12:36:48,718 INFO    homeapm.ws: emitted trace for Morning Routine (run 783d536d63c87c1518c4b1cd630a500d)
2026-07-23 12:37:00,365 INFO    homeapm: converted run 0a63099b1761b536cb58965db602dfd3 -> trace b79444079e235d57084bbb613316d366 (4 spans)
2026-07-23 12:37:00,366 INFO    homeapm.ws: emitted trace for [sim] Sensor Jitter (run 0a63099b1761b536cb58965db602dfd3)
2026-07-23 12:38:00,333 INFO    homeapm: converted run fc97f8faeebde50d7d658bc8e61914a7 -> trace 7b8bc902886848fd4dce50b6151c3254 (7 spans)
2026-07-23 12:38:00,333 INFO    homeapm.ws: emitted trace for Hallway Lights 3AM (run fc97f8faeebde50d7d658bc8e61914a7)
2026-07-23 12:38:00,383 INFO    homeapm: converted run 14db18be2673ea1a5452191d19723dbc -> trace f074447077ef26ab4bef6b42ddf4cdcf (4 spans)
2026-07-23 12:38:00,383 INFO    homeapm.ws: emitted trace for [sim] Sensor Jitter (run 14db18be2673ea1a5452191d19723dbc)
2026-07-23 12:38:24,340 INFO    homeapm: converted run f856da715dfaf9c762a19d4104b571a2 -> trace a4e185631f81456e41ae7d349e44e771 (20 spans)
2026-07-23 12:38:24,340 INFO    homeapm.ws: emitted trace for Good Night (run f856da715dfaf9c762a19d4104b571a2)
2026-07-23 12:38:45,245 INFO    homeapm: converted run c947ead0330cb7cadc94af6509fe3680 -> trace 6dc9773867edabd55ba806473c3e2ffe (5 spans)
2026-07-23 12:38:45,245 INFO    homeapm.ws: emitted trace for [sim] Battery Nudge (run c947ead0330cb7cadc94af6509fe3680)
2026-07-23 12:38:45,305 INFO    homeapm: converted run 8c56981a2aeec5f83fd15907a6a5d6fa -> trace 7dd2583e1520b88d4d4f334212214804 (10 spans)
2026-07-23 12:38:45,305 INFO    homeapm.ws: emitted trace for Garage Check (run 8c56981a2aeec5f83fd15907a6a5d6fa)
2026-07-23 12:39:00,367 INFO    homeapm: converted run 0d55c43ce7f44ac7b158e80b0c102252 -> trace 52d1cf99cb4e54c7c9c489b84bff00b1 (4 spans)
2026-07-23 12:39:00,368 INFO    homeapm.ws: emitted trace for [sim] Sensor Jitter (run 0d55c43ce7f44ac7b158e80b0c102252)
2026-07-23 12:39:48,601 INFO    homeapm: converted run af58938ef03f45dc65c865694b713072 -> trace 8bdff1c3cf7c336761f42ceae5f8bf13 (8 spans)
2026-07-23 12:39:48,601 INFO    homeapm.ws: emitted trace for Morning Routine (run af58938ef03f45dc65c865694b713072)
2026-07-23 12:40:00,334 INFO    homeapm: converted run 88b9509a4743a3cea548aac8fc2be4af -> trace 39d2a8fed1b71d9c36338ef15c988f18 (7 spans)
2026-07-23 12:40:00,334 INFO    homeapm.ws: emitted trace for Hallway Lights 3AM (run 88b9509a4743a3cea548aac8fc2be4af)
2026-07-23 12:40:00,385 INFO    homeapm: converted run f9c2328a39e62b320cf0052970248d0b -> trace d9515c9ee2a48702e0efd38ab522afb5 (4 spans)
2026-07-23 12:40:00,385 INFO    homeapm.ws: emitted trace for [sim] Sensor Jitter (run f9c2328a39e62b320cf0052970248d0b)
2026-07-23 12:40:24,347 INFO    homeapm: converted run 5cd07510d27ec1a1aedaa57ed552ff4c -> trace 55f07ae1d595e85fab9ec246cf7e293d (20 spans)
2026-07-23 12:40:24,349 INFO    homeapm.ws: emitted trace for Good Night (run 5cd07510d27ec1a1aedaa57ed552ff4c)
2026-07-23 12:40:45,218 INFO    homeapm: converted run 803b620e9a850041ef0feb95ebcf5a9e -> trace 7aaf8f6e44dd70ad53afffe9dfad01e1 (5 spans)
2026-07-23 12:40:45,218 INFO    homeapm.ws: emitted trace for [sim] Battery Nudge (run 803b620e9a850041ef0feb95ebcf5a9e)
2026-07-23 12:40:45,267 INFO    homeapm: converted run 7530e052d297333faa644d879760bc55 -> trace d771c9d4d0c3ca741a6e01a074478d34 (10 spans)
2026-07-23 12:40:45,268 INFO    homeapm.ws: emitted trace for Garage Check (run 7530e052d297333faa644d879760bc55)
2026-07-23 12:41:00,361 INFO    homeapm: converted run 9a018d254e6da53ee9618632eeec1d4d -> trace d50081e5ca279c5ef4e85dcf6d718ed1 (4 spans)
2026-07-23 12:41:00,361 INFO    homeapm.ws: emitted trace for [sim] Sensor Jitter (run 9a018d254e6da53ee9618632eeec1d4d)
2026-07-23 12:42:00,339 INFO    homeapm: converted run 61709ae4ecbaa5e34012e13f92a2834b -> trace 67451e0e5ac0065e3d2c5778a024a373 (7 spans)
2026-07-23 12:42:00,339 INFO    homeapm.ws: emitted trace for Hallway Lights 3AM (run 61709ae4ecbaa5e34012e13f92a2834b)
2026-07-23 12:42:00,388 INFO    homeapm: converted run c7ad6fc684f9428419ece7cc5bb4c1fa -> trace 722618b68da1fbc8c9285da9578aa63e (4 spans)
2026-07-23 12:42:00,388 INFO    homeapm.ws: emitted trace for [sim] Sensor Jitter (run c7ad6fc684f9428419ece7cc5bb4c1fa)
2026-07-23 12:42:24,344 INFO    homeapm: converted run d780db0230cb4821f1186fd2264cef85 -> trace ef6ee04778b8670b55ab741be3ebe972 (20 spans)
2026-07-23 12:42:24,344 INFO    homeapm.ws: emitted trace for Good Night (run d780db0230cb4821f1186fd2264cef85)
2026-07-23 12:42:45,231 INFO    homeapm: converted run 5d300a453d959e513d5b29e95bbb052e -> trace 91b6f4e8ab40b823cbf47bf4058df7af (5 spans)
2026-07-23 12:42:45,231 INFO    homeapm.ws: emitted trace for [sim] Battery Nudge (run 5d300a453d959e513d5b29e95bbb052e)
2026-07-23 12:42:45,282 INFO    homeapm: converted run 0b10f0a675b6c6e58a103511200a17b0 -> trace f940396cc0736ebc5d55285d3f6e2e66 (10 spans)
2026-07-23 12:42:45,282 INFO    homeapm.ws: emitted trace for Garage Check (run 0b10f0a675b6c6e58a103511200a17b0)
2026-07-23 12:42:48,681 INFO    homeapm: converted run a7cdc4b39932dd116c079b2264a65a00 -> trace 68b407d26ef22f19b2bd2dc5974cf2d2 (8 spans)
2026-07-23 12:42:48,681 INFO    homeapm.ws: emitted trace for Morning Routine (run a7cdc4b39932dd116c079b2264a65a00)
2026-07-23 12:43:00,365 INFO    homeapm: converted run 39f51deb83e0eeaacf3933675e471004 -> trace 329fbf83929f4489707c309effdfa6a1 (4 spans)
2026-07-23 12:43:00,365 INFO    homeapm.ws: emitted trace for [sim] Sensor Jitter (run 39f51deb83e0eeaacf3933675e471004)
2026-07-23 12:44:00,329 INFO    homeapm: converted run 52e931893822c7a52a6ab3064d69fe95 -> trace 95a65818b18319bd5ab4b83853ad0641 (7 spans)
2026-07-23 12:44:00,329 INFO    homeapm.ws: emitted trace for Hallway Lights 3AM (run 52e931893822c7a52a6ab3064d69fe95)
2026-07-23 12:44:00,379 INFO    homeapm: converted run f39da3355a0164b8937c18f0fa14756a -> trace a016e2d2cc00a8744161a85aa851afd4 (4 spans)
2026-07-23 12:44:00,379 INFO    homeapm.ws: emitted trace for [sim] Sensor Jitter (run f39da3355a0164b8937c18f0fa14756a)
2026-07-23 12:44:24,329 INFO    homeapm: converted run d0009f47f34cfd40226de056b76203b7 -> trace c49c5787d714d215837d13258385e797 (20 spans)
2026-07-23 12:44:24,329 INFO    homeapm.ws: emitted trace for Good Night (run d0009f47f34cfd40226de056b76203b7)
2026-07-23 12:44:45,231 INFO    homeapm: converted run 60c0cf857d5fd6a42ba38d26eb039708 -> trace e4287253914a81e514fdb5f881130404 (5 spans)
2026-07-23 12:44:45,233 INFO    homeapm.ws: emitted trace for [sim] Battery Nudge (run 60c0cf857d5fd6a42ba38d26eb039708)
2026-07-23 12:44:45,282 INFO    homeapm: converted run 2addf5ca7dfbc6817b6b4aaa4e958fa2 -> trace bbb0277250e81029283c681860230d64 (10 spans)
2026-07-23 12:44:45,282 INFO    homeapm.ws: emitted trace for Garage Check (run 2addf5ca7dfbc6817b6b4aaa4e958fa2)
2026-07-23 12:45:00,357 INFO    homeapm: converted run bf38f7be7bd9dddf9b5665ccbe17cef6 -> trace 09600a5178a447445c58537c21bc9a86 (4 spans)
2026-07-23 12:45:00,357 INFO    homeapm.ws: emitted trace for [sim] Sensor Jitter (run bf38f7be7bd9dddf9b5665ccbe17cef6)
2026-07-23 12:45:48,667 INFO    homeapm: converted run 1f3fd43591893968c00a9351bfae0364 -> trace 388ba27a30f25cd079a84b57dd0cacbd (8 spans)
2026-07-23 12:45:48,668 INFO    homeapm.ws: emitted trace for Morning Routine (run 1f3fd43591893968c00a9351bfae0364)
2026-07-23 12:46:00,329 INFO    homeapm: converted run f7cfbaa72ac4e1ac555416cc2120cafd -> trace 85ff71a92a70985ab4d9de35ce3cf4bf (7 spans)
2026-07-23 12:46:00,329 INFO    homeapm.ws: emitted trace for Hallway Lights 3AM (run f7cfbaa72ac4e1ac555416cc2120cafd)
2026-07-23 12:46:00,379 INFO    homeapm: converted run d9e0c04fba7ebec095953bd784277a7c -> trace 00c80a5c858946a95d1a4aef6538953c (4 spans)
2026-07-23 12:46:00,379 INFO    homeapm.ws: emitted trace for [sim] Sensor Jitter (run d9e0c04fba7ebec095953bd784277a7c)
2026-07-23 12:46:24,343 INFO    homeapm: converted run e49b9906606cafdff9a820fb9e6e85d0 -> trace a77488a10db8f7b4866985ee12cf937b (20 spans)
2026-07-23 12:46:24,343 INFO    homeapm.ws: emitted trace for Good Night (run e49b9906606cafdff9a820fb9e6e85d0)
2026-07-23 12:46:45,228 INFO    homeapm: converted run ad631cc0dc3443b6bbec079a95bc552c -> trace 5e918a7f3a9cf086fe11d89106f3e676 (5 spans)
2026-07-23 12:46:45,228 INFO    homeapm.ws: emitted trace for [sim] Battery Nudge (run ad631cc0dc3443b6bbec079a95bc552c)
2026-07-23 12:46:45,278 INFO    homeapm: converted run 33413ed72caeb3e282bbfc75a806c606 -> trace b4f9a83d4b8532ddd08b8e91a09566ed (10 spans)
2026-07-23 12:46:45,279 INFO    homeapm.ws: emitted trace for Garage Check (run 33413ed72caeb3e282bbfc75a806c606)
2026-07-23 12:47:00,355 INFO    homeapm: converted run b05023e04a792a51d4e7a2b92a756d8a -> trace 7f99385e15a0182002b369951f9c46d7 (4 spans)
2026-07-23 12:47:00,355 INFO    homeapm.ws: emitted trace for [sim] Sensor Jitter (run b05023e04a792a51d4e7a2b92a756d8a)
2026-07-23 12:48:00,337 INFO    homeapm: converted run 32937e1b9023864bdb56d9a0e6dfa189 -> trace 8bee4a0a43b212d4af0921f2c72dd35a (7 spans)
2026-07-23 12:48:00,337 INFO    homeapm.ws: emitted trace for Hallway Lights 3AM (run 32937e1b9023864bdb56d9a0e6dfa189)
2026-07-23 12:48:00,387 INFO    homeapm: converted run edd95e00dc3122b42289cbfe144861ff -> trace 3daf1cd480f291919ed260dfb3991299 (4 spans)
2026-07-23 12:48:00,387 INFO    homeapm.ws: emitted trace for [sim] Sensor Jitter (run edd95e00dc3122b42289cbfe144861ff)
2026-07-23 12:48:24,332 INFO    homeapm: converted run 31b3917a7d8d99d5a8f393d897b1fedf -> trace e2caf0588f7a036a275ec97ab81ab310 (20 spans)
2026-07-23 12:48:24,332 INFO    homeapm.ws: emitted trace for Good Night (run 31b3917a7d8d99d5a8f393d897b1fedf)
2026-07-23 12:48:45,222 INFO    homeapm: converted run 48d87af2954d18f24bf07b3146e5da49 -> trace faf83f30f4afd7c9043bdb66016d2229 (5 spans)
2026-07-23 12:48:45,222 INFO    homeapm.ws: emitted trace for [sim] Battery Nudge (run 48d87af2954d18f24bf07b3146e5da49)
2026-07-23 12:48:45,283 INFO    homeapm: converted run 55aaf200dbb0941d53324ccddee2358e -> trace b5f5efb1040e8f1986769ef84ff075c1 (10 spans)
2026-07-23 12:48:45,283 INFO    homeapm.ws: emitted trace for Garage Check (run 55aaf200dbb0941d53324ccddee2358e)
2026-07-23 12:48:48,622 INFO    homeapm: converted run 28cb8d9a49c45b77b9e2a69052d76c40 -> trace 7cda0f2e62a685ec3dd09f09a12aa787 (8 spans)
2026-07-23 12:48:48,622 INFO    homeapm.ws: emitted trace for Morning Routine (run 28cb8d9a49c45b77b9e2a69052d76c40)
2026-07-23 12:49:00,385 INFO    homeapm: converted run 342cb7967976deffe220c9703bebdf2c -> trace baa92edaa50b5d96e3183b59a8d1df52 (4 spans)
2026-07-23 12:49:00,385 INFO    homeapm.ws: emitted trace for [sim] Sensor Jitter (run 342cb7967976deffe220c9703bebdf2c)
2026-07-23 12:50:00,330 INFO    homeapm: converted run 953e7d11c3d1913ce0b1fa2d853b46dd -> trace 23b2936a32baa39a820cfbbe2d0cbf43 (7 spans)
2026-07-23 12:50:00,330 INFO    homeapm.ws: emitted trace for Hallway Lights 3AM (run 953e7d11c3d1913ce0b1fa2d853b46dd)
2026-07-23 12:50:00,379 INFO    homeapm: converted run 1e5293a3439a77fde947bbbb47505d57 -> trace 2e93552faf19a90d41c453cfdb384469 (4 spans)
2026-07-23 12:50:00,380 INFO    homeapm.ws: emitted trace for [sim] Sensor Jitter (run 1e5293a3439a77fde947bbbb47505d57)
2026-07-23 12:50:24,333 INFO    homeapm: converted run d9a49d91b3ca5e80293fdd1737944cfa -> trace a593a58137f586ac4c32ba3a7a715342 (20 spans)
2026-07-23 12:50:24,333 INFO    homeapm.ws: emitted trace for Good Night (run d9a49d91b3ca5e80293fdd1737944cfa)
2026-07-23 12:50:45,171 INFO    homeapm: converted run 373331d1f28e0c9a7cfdbe180dfca487 -> trace ee269fc753e79b177350822d2d265efb (5 spans)
2026-07-23 12:50:45,171 INFO    homeapm.ws: emitted trace for [sim] Battery Nudge (run 373331d1f28e0c9a7cfdbe180dfca487)
2026-07-23 12:50:45,220 INFO    homeapm: converted run 197ae88a6c923f167f4544e76c05f3a3 -> trace abe3e70997271e89c703e8e7618ead88 (10 spans)
2026-07-23 12:50:45,220 INFO    homeapm.ws: emitted trace for Garage Check (run 197ae88a6c923f167f4544e76c05f3a3)
2026-07-23 12:51:00,331 INFO    homeapm: converted run 852d47f57bf4f79804b598b7b00332b8 -> trace e3bf70e72241b20d95153d60d23c9f12 (4 spans)
2026-07-23 12:51:00,331 INFO    homeapm.ws: emitted trace for [sim] Sensor Jitter (run 852d47f57bf4f79804b598b7b00332b8)
2026-07-23 12:51:48,630 INFO    homeapm: converted run 390530698ce81448fb4d8533e567c58c -> trace c23c51a77d2afd4a5ac50234dc2b3b75 (8 spans)
2026-07-23 12:51:48,630 INFO    homeapm.ws: emitted trace for Morning Routine (run 390530698ce81448fb4d8533e567c58c)
2026-07-23 12:52:00,299 INFO    homeapm: converted run 83808dc0e49a1a8402b4a3e23a0f6205 -> trace 1484e59be7d76a4b30923c049eb9bd48 (7 spans)
2026-07-23 12:52:00,299 INFO    homeapm.ws: emitted trace for Hallway Lights 3AM (run 83808dc0e49a1a8402b4a3e23a0f6205)
2026-07-23 12:52:00,349 INFO    homeapm: converted run b3b49d071a4ee2118f695c7753bcd87f -> trace f1d08f58141a573d224d8557449e1018 (4 spans)
2026-07-23 12:52:00,349 INFO    homeapm.ws: emitted trace for [sim] Sensor Jitter (run b3b49d071a4ee2118f695c7753bcd87f)
2026-07-23 12:52:24,423 INFO    homeapm: converted run 3263867ccde211f1b89b35f774f9ed4b -> trace 4564d0bd9f61701cf52a1ed66225483b (20 spans)
2026-07-23 12:52:24,424 INFO    homeapm.ws: emitted trace for Good Night (run 3263867ccde211f1b89b35f774f9ed4b)
2026-07-23 12:52:45,222 INFO    homeapm: converted run 5e3265925172ab71afe448e512bfdeaa -> trace 85ca7052aa1a5d0f20ad57784a44b191 (5 spans)
2026-07-23 12:52:45,222 INFO    homeapm.ws: emitted trace for [sim] Battery Nudge (run 5e3265925172ab71afe448e512bfdeaa)
2026-07-23 12:52:45,272 INFO    homeapm: converted run 97a6fe4a261cc950f949b5b2e14dbaf1 -> trace 729abb4ba52cd79d05f2685fc65dc690 (10 spans)
2026-07-23 12:52:45,273 INFO    homeapm.ws: emitted trace for Garage Check (run 97a6fe4a261cc950f949b5b2e14dbaf1)
2026-07-23 12:53:00,375 INFO    homeapm: converted run 71f9aad148769dd374d75aab6160c707 -> trace c6818b19965efea22949e353749fb575 (4 spans)
2026-07-23 12:53:00,375 INFO    homeapm.ws: emitted trace for [sim] Sensor Jitter (run 71f9aad148769dd374d75aab6160c707)
2026-07-23 12:54:00,355 INFO    homeapm: converted run 781b4cfc52830c12ed5f4168c52919f0 -> trace e11b7b0ac938ab364deed0dbadcb7f0f (7 spans)
2026-07-23 12:54:00,355 INFO    homeapm.ws: emitted trace for Hallway Lights 3AM (run 781b4cfc52830c12ed5f4168c52919f0)
2026-07-23 12:54:00,404 INFO    homeapm: converted run 431899616215872031454fd8abd34b5c -> trace c0d678f4e1bcbee8e83dadfee34c06cd (4 spans)
2026-07-23 12:54:00,404 INFO    homeapm.ws: emitted trace for [sim] Sensor Jitter (run 431899616215872031454fd8abd34b5c)
2026-07-23 12:54:24,345 INFO    homeapm: converted run ab8d732e3593394a97e7fed45856a41e -> trace 5ee7a7327cc87917145bd334defeedfa (20 spans)
2026-07-23 12:54:24,345 INFO    homeapm.ws: emitted trace for Good Night (run ab8d732e3593394a97e7fed45856a41e)
2026-07-23 12:54:45,140 INFO    homeapm: converted run 3e167185f9406122bc2caa07209c96e8 -> trace 7d581b74e895bfa20c90c438f090999f (5 spans)
2026-07-23 12:54:45,140 INFO    homeapm.ws: emitted trace for [sim] Battery Nudge (run 3e167185f9406122bc2caa07209c96e8)
2026-07-23 12:54:45,190 INFO    homeapm: converted run 4c69512c10dcf832c9c79a3d05239994 -> trace 4e2a6b34918ef1a0f68850569b1eb1bc (10 spans)
2026-07-23 12:54:45,191 INFO    homeapm.ws: emitted trace for Garage Check (run 4c69512c10dcf832c9c79a3d05239994)
2026-07-23 12:54:48,669 INFO    homeapm: converted run 97f6386b01ca44e8f415175a08af1262 -> trace e189574a8d24f4ecbee9a159d995b181 (8 spans)
2026-07-23 12:54:48,670 INFO    homeapm.ws: emitted trace for Morning Routine (run 97f6386b01ca44e8f415175a08af1262)
2026-07-23 12:55:00,379 INFO    homeapm: converted run ab2cb213de1f42d127decbc1dd2dc2f1 -> trace f8788ae1d70108963affb4ea85a5de49 (4 spans)
2026-07-23 12:55:00,379 INFO    homeapm.ws: emitted trace for [sim] Sensor Jitter (run ab2cb213de1f42d127decbc1dd2dc2f1)
2026-07-23 12:56:00,363 INFO    homeapm: converted run 54ff5a5439027ed05200f747121dbd48 -> trace 1ebf1d4fda9317568701fea2848fb241 (7 spans)
2026-07-23 12:56:00,363 INFO    homeapm.ws: emitted trace for Hallway Lights 3AM (run 54ff5a5439027ed05200f747121dbd48)
2026-07-23 12:56:00,413 INFO    homeapm: converted run 13cf638ef17c8f19748a5f1967de1778 -> trace 9c24daac8b76434f5a41763802ac7dcc (4 spans)
2026-07-23 12:56:00,413 INFO    homeapm.ws: emitted trace for [sim] Sensor Jitter (run 13cf638ef17c8f19748a5f1967de1778)
2026-07-23 12:56:24,348 INFO    homeapm: converted run 5695ae2128c8dbc65f7f6db1b92c4138 -> trace 279f6b0f771dc266e13924c2f3b6364a (20 spans)
2026-07-23 12:56:24,348 INFO    homeapm.ws: emitted trace for Good Night (run 5695ae2128c8dbc65f7f6db1b92c4138)
2026-07-23 12:56:45,215 INFO    homeapm: converted run 71d00641e76eb832784df9b724996c19 -> trace 6225a71eefa7ca6e02ac53ca5308b128 (5 spans)
2026-07-23 12:56:45,215 INFO    homeapm.ws: emitted trace for [sim] Battery Nudge (run 71d00641e76eb832784df9b724996c19)
2026-07-23 12:56:45,275 INFO    homeapm: converted run d920c6d027904ef721e56ceabcbae0cc -> trace d14b6ee9af8c383f2b15cc92803c707e (10 spans)
2026-07-23 12:56:45,275 INFO    homeapm.ws: emitted trace for Garage Check (run d920c6d027904ef721e56ceabcbae0cc)
2026-07-23 12:57:00,362 INFO    homeapm: converted run de05e7d008358e58f174b323a6b9f696 -> trace b4230be309e15cdd7c74828da836b74e (4 spans)
2026-07-23 12:57:00,362 INFO    homeapm.ws: emitted trace for [sim] Sensor Jitter (run de05e7d008358e58f174b323a6b9f696)
2026-07-23 12:57:48,696 INFO    homeapm: converted run a01c6268d64d03c805b49d17f9fa0965 -> trace e8cc9e759c4b625f7dad07a534fa8349 (8 spans)
2026-07-23 12:57:48,696 INFO    homeapm.ws: emitted trace for Morning Routine (run a01c6268d64d03c805b49d17f9fa0965)
2026-07-23 12:58:00,342 INFO    homeapm: converted run 64f122a0d53b6e6bf9882b0b022b09d3 -> trace 6c199edf4508288348cb822dbdd46216 (7 spans)
2026-07-23 12:58:00,342 INFO    homeapm.ws: emitted trace for Hallway Lights 3AM (run 64f122a0d53b6e6bf9882b0b022b09d3)
2026-07-23 12:58:00,392 INFO    homeapm: converted run ce97f3ae4925705dfcc5636610868ae2 -> trace 088b50b2287e5e25e11de77aa3898071 (4 spans)
2026-07-23 12:58:00,393 INFO    homeapm.ws: emitted trace for [sim] Sensor Jitter (run ce97f3ae4925705dfcc5636610868ae2)
2026-07-23 12:58:56,746 INFO    homeapm: converted run 95355ce6aa86a9c5178f2ab80e974f44 -> trace df0e04b51ad861a813ed8066dc331cf3 (20 spans)
2026-07-23 12:58:56,747 INFO    homeapm.ws: emitted trace for Good Night (run 95355ce6aa86a9c5178f2ab80e974f44)
2026-07-23 12:59:18,421 INFO    homeapm: converted run 9fb0c4da757c3bc0fc9d35090b77c985 -> trace 328b31da39818032b717f3f8caf96bd2 (5 spans)
2026-07-23 12:59:18,421 INFO    homeapm.ws: emitted trace for [sim] Battery Nudge (run 9fb0c4da757c3bc0fc9d35090b77c985)
2026-07-23 12:59:18,471 INFO    homeapm: converted run 16bec66b465771b54d6c77f1b7b6af00 -> trace 9321d9b99b5b8b62b150847f935e5dfa (10 spans)
2026-07-23 12:59:18,471 INFO    homeapm.ws: emitted trace for Garage Check (run 16bec66b465771b54d6c77f1b7b6af00)
2026-07-23 12:59:33,597 INFO    homeapm: converted run bc6ad987bee58afaa3c27955a4c7508d -> trace a823ac55e221ec25361ba567721964e1 (4 spans)
2026-07-23 12:59:33,597 INFO    homeapm.ws: emitted trace for [sim] Sensor Jitter (run bc6ad987bee58afaa3c27955a4c7508d)
2026-07-23 13:00:00,855 INFO    homeapm: converted run 201a4c5abd505b18e9a8b96dbacc55cc -> trace 8c542c395700635c3c7ed8c9cb300e35 (4 spans)
2026-07-23 13:00:00,855 INFO    homeapm.ws: emitted trace for [sim] Sensor Jitter (run 201a4c5abd505b18e9a8b96dbacc55cc)
2026-07-23 13:00:24,844 INFO    homeapm: converted run e2970c5e77ae5a252c13c23ee30f4c50 -> trace fff5d33dc4f011ed341242ad66340d97 (20 spans)
2026-07-23 13:00:24,846 INFO    homeapm.ws: emitted trace for Good Night (run e2970c5e77ae5a252c13c23ee30f4c50)
2026-07-23 13:00:33,273 INFO    homeapm: converted run 1274f9509c85340506ad6fe45afe1f85 -> trace 7b1cd27bf63e8a4ca3044825c6b75969 (7 spans)
2026-07-23 13:00:33,275 INFO    homeapm.ws: emitted trace for Hallway Lights 3AM (run 1274f9509c85340506ad6fe45afe1f85)
2026-07-23 13:00:45,684 INFO    homeapm: converted run 126724c4976c7e0c07c6f1f0d4c4d0d7 -> trace d8b1bbfcea9e4bcff579fc4023444a0c (5 spans)
2026-07-23 13:00:45,685 INFO    homeapm.ws: emitted trace for [sim] Battery Nudge (run 126724c4976c7e0c07c6f1f0d4c4d0d7)
2026-07-23 13:00:45,739 INFO    homeapm: converted run 790dc758d7b3405cba71aa7fe2744acb -> trace 67650b386cdb13afcd38d3aa97a7123d (10 spans)
2026-07-23 13:00:45,739 INFO    homeapm.ws: emitted trace for Garage Check (run 790dc758d7b3405cba71aa7fe2744acb)
2026-07-23 13:01:01,282 INFO    homeapm: converted run 113dab0eaeff71c54ebc0031d232a82c -> trace 1c36854433c483d57e5fc3305ea63773 (4 spans)
2026-07-23 13:01:01,283 INFO    homeapm.ws: emitted trace for [sim] Sensor Jitter (run 113dab0eaeff71c54ebc0031d232a82c)
2026-07-23 13:01:24,617 INFO    homeapm: converted run 21b6ee755fd4d8093c7682d00031cef3 -> trace 525f4f4ac1987ea76d4386c356e12292 (8 spans)
2026-07-23 13:01:24,617 INFO    homeapm.ws: emitted trace for Morning Routine (run 21b6ee755fd4d8093c7682d00031cef3)
2026-07-23 13:02:00,761 INFO    homeapm: converted run 0ca7281159b029fe30add0ecb939863e -> trace 0dd35e935fbe93163c0b2bf93d6df1ae (4 spans)
2026-07-23 13:02:00,761 INFO    homeapm.ws: emitted trace for [sim] Sensor Jitter (run 0ca7281159b029fe30add0ecb939863e)
2026-07-23 13:02:01,695 INFO    homeapm: converted run 175994b2afcb0aca396d8bd22d950dca -> trace f2e7c015e0290709db6ba56f536e2389 (7 spans)
2026-07-23 13:02:01,695 INFO    homeapm.ws: emitted trace for Hallway Lights 3AM (run 175994b2afcb0aca396d8bd22d950dca)
2026-07-23 13:02:27,124 INFO    homeapm: converted run dc43a09c994a819cd088e2ab5ba0e66e -> trace edde9a12bc4b9098f631986ffa78b859 (20 spans)
2026-07-23 13:02:27,124 INFO    homeapm.ws: emitted trace for Good Night (run dc43a09c994a819cd088e2ab5ba0e66e)
2026-07-23 13:02:48,107 INFO    homeapm: converted run 363139ecb800a01d38e6890ec659770e -> trace 1878ebb74d4a5d648b0cf40a2c1c7e84 (5 spans)
2026-07-23 13:02:48,108 INFO    homeapm.ws: emitted trace for [sim] Battery Nudge (run 363139ecb800a01d38e6890ec659770e)
2026-07-23 13:02:48,159 INFO    homeapm: converted run 99e9bba5d7d949439b405564f05e4192 -> trace bcf6763277aa808a33298c83e0805b19 (10 spans)
2026-07-23 13:02:48,159 INFO    homeapm.ws: emitted trace for Garage Check (run 99e9bba5d7d949439b405564f05e4192)
2026-07-23 13:03:01,373 INFO    homeapm: converted run dfa24f528f5e97c5fa9a324a7bd54aa5 -> trace 04251f477697430a1c72065d8cb78dfe (4 spans)
2026-07-23 13:03:01,373 INFO    homeapm.ws: emitted trace for [sim] Sensor Jitter (run dfa24f528f5e97c5fa9a324a7bd54aa5)
2026-07-23 13:03:54,890 INFO    homeapm: converted run 07f122f7312e49ebd193e2239a4a54ed -> trace 2610a45ec768efd3d20561cde7e3c090 (8 spans)
2026-07-23 13:03:54,890 INFO    homeapm.ws: emitted trace for Morning Routine (run 07f122f7312e49ebd193e2239a4a54ed)
2026-07-23 13:04:01,342 INFO    homeapm: converted run 2ef126641b241b5ebcb00e2b1240b7a1 -> trace 198e22f397badaf1fad40229b1e48df2 (4 spans)
2026-07-23 13:04:01,342 INFO    homeapm.ws: emitted trace for [sim] Sensor Jitter (run 2ef126641b241b5ebcb00e2b1240b7a1)
2026-07-23 13:04:03,214 INFO    homeapm: converted run 1f118ffee53deb2e09f1806c3c64594a -> trace 22d82349acf7f120cb59724d3e15e06d (7 spans)
2026-07-23 13:04:03,214 INFO    homeapm.ws: emitted trace for Hallway Lights 3AM (run 1f118ffee53deb2e09f1806c3c64594a)
2026-07-23 13:04:27,643 INFO    homeapm: converted run 06654f135fcf2082b2422a04a9c5950d -> trace 0a44c88f878041e49c3bf658b8442e0c (20 spans)
2026-07-23 13:04:27,643 INFO    homeapm.ws: emitted trace for Good Night (run 06654f135fcf2082b2422a04a9c5950d)
2026-07-23 13:04:48,555 INFO    homeapm: converted run 01cee9d3bac769497daaa72335636234 -> trace 680c5beebf6270d433b8c531082ed585 (5 spans)
2026-07-23 13:04:48,555 INFO    homeapm.ws: emitted trace for [sim] Battery Nudge (run 01cee9d3bac769497daaa72335636234)
2026-07-23 13:04:48,605 INFO    homeapm: converted run d54b12e2d97993b70c390cb316e1c1a3 -> trace 683f39311ebb3caa33631f3fcfd1f426 (10 spans)
2026-07-23 13:04:48,606 INFO    homeapm.ws: emitted trace for Garage Check (run d54b12e2d97993b70c390cb316e1c1a3)
2026-07-23 13:05:01,230 INFO    homeapm: converted run 8e8b9aabbc64da10d6b6ed3b5b16ef79 -> trace e95acb48ffd5624a01604a4d371bb80b (4 spans)
2026-07-23 13:05:01,230 INFO    homeapm.ws: emitted trace for [sim] Sensor Jitter (run 8e8b9aabbc64da10d6b6ed3b5b16ef79)
2026-07-23 13:06:02,055 INFO    homeapm: converted run 4fc3d941fd210bcbe1d284f5f80c84f3 -> trace d0f5cc2efe1a2c66be0e71b177f0a207 (4 spans)
2026-07-23 13:06:02,056 INFO    homeapm.ws: emitted trace for [sim] Sensor Jitter (run 4fc3d941fd210bcbe1d284f5f80c84f3)
2026-07-23 13:06:02,923 INFO    homeapm: converted run 9b17122fd3d1bf2673bbd2f23e2b4b97 -> trace e68aacfd02de0b05796c32deb52ef7f3 (7 spans)
2026-07-23 13:06:02,923 INFO    homeapm.ws: emitted trace for Hallway Lights 3AM (run 9b17122fd3d1bf2673bbd2f23e2b4b97)
2026-07-23 13:06:27,488 INFO    homeapm: converted run 6dc6c74a53de6795e4e7997cc209b413 -> trace f87bd725ca68e85f4aa452e6f4bda7e2 (20 spans)
2026-07-23 13:06:27,488 INFO    homeapm.ws: emitted trace for Good Night (run 6dc6c74a53de6795e4e7997cc209b413)
2026-07-23 13:06:48,340 INFO    homeapm: converted run 5974948eff3ebec4db709b3088e38bb5 -> trace 8ab7ac03a757d46b9588acea2216de69 (5 spans)
2026-07-23 13:06:48,341 INFO    homeapm.ws: emitted trace for [sim] Battery Nudge (run 5974948eff3ebec4db709b3088e38bb5)
2026-07-23 13:06:48,396 INFO    homeapm: converted run 353b8598c4f2f85b2c5a67edafb34a78 -> trace 0d82da981daa98adc75db7485ec12ac0 (10 spans)
2026-07-23 13:06:48,396 INFO    homeapm.ws: emitted trace for Garage Check (run 353b8598c4f2f85b2c5a67edafb34a78)
2026-07-23 13:06:56,108 INFO    homeapm: converted run 133be291963e92f1af464eff7df3cdf3 -> trace efcb9fbeb9ef3a03618a3caa8a3830fe (8 spans)
2026-07-23 13:06:56,109 INFO    homeapm.ws: emitted trace for Morning Routine (run 133be291963e92f1af464eff7df3cdf3)
2026-07-23 13:07:02,275 INFO    homeapm: converted run c70bfac8035ad2c5ffdd0264ae095c7a -> trace 509804c9aad528a0c0d7b038798530c3 (4 spans)
2026-07-23 13:07:02,275 INFO    homeapm.ws: emitted trace for [sim] Sensor Jitter (run c70bfac8035ad2c5ffdd0264ae095c7a)
2026-07-23 13:08:02,340 INFO    homeapm: converted run e83dc978276c6f5eed2a8e98c33a1628 -> trace 084cbdfa7a377c46a252837a593c7c74 (4 spans)
2026-07-23 13:08:02,340 INFO    homeapm.ws: emitted trace for [sim] Sensor Jitter (run e83dc978276c6f5eed2a8e98c33a1628)
2026-07-23 13:08:04,327 INFO    homeapm: converted run 140b625790ef5f60ef90aa18acdacfb4 -> trace aa227b832e5434f5e60accf488083a8f (7 spans)
2026-07-23 13:08:04,327 INFO    homeapm.ws: emitted trace for Hallway Lights 3AM (run 140b625790ef5f60ef90aa18acdacfb4)
2026-07-23 13:08:27,926 INFO    homeapm: converted run 4b7344c3802beb24c7b66e4b9fae35af -> trace b47821c2602318d3912c1a55ddefdea4 (20 spans)
2026-07-23 13:08:27,926 INFO    homeapm.ws: emitted trace for Good Night (run 4b7344c3802beb24c7b66e4b9fae35af)
2026-07-23 13:08:48,783 INFO    homeapm: converted run 8bde86c915db56ec3132fa4003520276 -> trace 0100b84d3a7d89206b46af83b862ef28 (5 spans)
2026-07-23 13:08:48,784 INFO    homeapm.ws: emitted trace for [sim] Battery Nudge (run 8bde86c915db56ec3132fa4003520276)
2026-07-23 13:08:48,835 INFO    homeapm: converted run 590677413aee6dad27a49f4ad2a13023 -> trace 4f5ca83e9decb8928bb7d00f402de76d (10 spans)
2026-07-23 13:08:48,835 INFO    homeapm.ws: emitted trace for Garage Check (run 590677413aee6dad27a49f4ad2a13023)
2026-07-23 13:09:02,480 INFO    homeapm: converted run 37a577e78380bc1569925d8836426c65 -> trace 946c1fcff1845058e3ba207c340998fb (4 spans)
2026-07-23 13:09:02,480 INFO    homeapm.ws: emitted trace for [sim] Sensor Jitter (run 37a577e78380bc1569925d8836426c65)
2026-07-23 13:09:56,797 INFO    homeapm: converted run b165f43eab9b371a3500ca4e9c6eee70 -> trace e4a2c7602daa5421be3f25e1a6f851bf (8 spans)
2026-07-23 13:09:56,797 INFO    homeapm.ws: emitted trace for Morning Routine (run b165f43eab9b371a3500ca4e9c6eee70)
2026-07-23 13:10:02,228 INFO    homeapm: converted run e9367015394932cfe30221d79167e12b -> trace 83c2e24acbc635f3bcb02085a545eb3d (4 spans)
2026-07-23 13:10:02,228 INFO    homeapm.ws: emitted trace for [sim] Sensor Jitter (run e9367015394932cfe30221d79167e12b)
2026-07-23 13:10:04,415 INFO    homeapm: converted run 804e4f0b5f0890361ae9fb04bb87e897 -> trace cab9a0e4013dd9c03f39f223686566c5 (7 spans)
2026-07-23 13:10:04,415 INFO    homeapm.ws: emitted trace for Hallway Lights 3AM (run 804e4f0b5f0890361ae9fb04bb87e897)
2026-07-23 13:10:27,727 INFO    homeapm: converted run b16900cb3badb32226961ce811746a45 -> trace 324278bfc53f719376cb63610b81c132 (20 spans)
2026-07-23 13:10:27,728 INFO    homeapm.ws: emitted trace for Good Night (run b16900cb3badb32226961ce811746a45)
2026-07-23 13:10:48,914 INFO    homeapm: converted run e1b3d16f43e87ae3b56b7c8a81766df2 -> trace c64cc258a456c1ae0fb5c999b5f06ca9 (5 spans)
2026-07-23 13:10:48,914 INFO    homeapm.ws: emitted trace for [sim] Battery Nudge (run e1b3d16f43e87ae3b56b7c8a81766df2)
2026-07-23 13:10:48,965 INFO    homeapm: converted run b21c355b1076414a286952f9a9100599 -> trace 90dfd533c57ed2f589b25005e87be5e8 (10 spans)
2026-07-23 13:10:48,966 INFO    homeapm.ws: emitted trace for Garage Check (run b21c355b1076414a286952f9a9100599)
2026-07-23 13:11:02,685 INFO    homeapm: converted run bc1cd81573906175dbb9c1ecc293b1a6 -> trace 37123f9ea96fb0c427d530b8ade647d7 (4 spans)
2026-07-23 13:11:02,685 INFO    homeapm.ws: emitted trace for [sim] Sensor Jitter (run bc1cd81573906175dbb9c1ecc293b1a6)
2026-07-23 13:12:02,584 INFO    homeapm: converted run 9631a14b71b95f8a148e51f051714265 -> trace e57850245a74fab6b7b284508b2be87b (4 spans)
2026-07-23 13:12:02,585 INFO    homeapm.ws: emitted trace for [sim] Sensor Jitter (run 9631a14b71b95f8a148e51f051714265)
2026-07-23 13:12:04,991 INFO    homeapm: converted run 23f8e015f7aac34725e947dbdb94f0ec -> trace d41606c7ff5ef206487079ea5ca50b7f (7 spans)
2026-07-23 13:12:04,992 INFO    homeapm.ws: emitted trace for Hallway Lights 3AM (run 23f8e015f7aac34725e947dbdb94f0ec)
2026-07-23 13:12:28,438 INFO    homeapm: converted run 992b60683876bf510dbe677161077a21 -> trace 416cfbed082a055a4f4c329835aa8348 (20 spans)
2026-07-23 13:12:28,438 INFO    homeapm.ws: emitted trace for Good Night (run 992b60683876bf510dbe677161077a21)
2026-07-23 13:12:49,130 INFO    homeapm: converted run 1fe61c00fdd630cbaebd2238b0da978d -> trace 70eff08491e31aaf745bbc9d76499784 (5 spans)
2026-07-23 13:12:49,130 INFO    homeapm.ws: emitted trace for [sim] Battery Nudge (run 1fe61c00fdd630cbaebd2238b0da978d)
2026-07-23 13:12:49,182 INFO    homeapm: converted run a8bb7ab04bd1593c5fc5c3f16787b050 -> trace 911c51a247a3ad5441b2e47a89fa10ba (10 spans)
2026-07-23 13:12:49,183 INFO    homeapm.ws: emitted trace for Garage Check (run a8bb7ab04bd1593c5fc5c3f16787b050)
2026-07-23 13:12:58,411 INFO    homeapm: converted run a7e44aa58dd264ef7abb84a45074b18b -> trace 13df6ce2607d7cd8379e6bc6f8c7e623 (8 spans)
2026-07-23 13:12:58,411 INFO    homeapm.ws: emitted trace for Morning Routine (run a7e44aa58dd264ef7abb84a45074b18b)
2026-07-23 13:13:02,508 INFO    homeapm: converted run 362275cdd11e2409d22dc225db260b9e -> trace f9d80322e6a53220d9c93be638184067 (4 spans)
2026-07-23 13:13:02,508 INFO    homeapm.ws: emitted trace for [sim] Sensor Jitter (run 362275cdd11e2409d22dc225db260b9e)
2026-07-23 13:14:02,376 INFO    homeapm: converted run c9f4219c241d12b2895718377a21c0b6 -> trace 23dbfa89973865c3e21e822394957c8a (4 spans)
2026-07-23 13:14:02,377 INFO    homeapm.ws: emitted trace for [sim] Sensor Jitter (run c9f4219c241d12b2895718377a21c0b6)
2026-07-23 13:14:04,914 INFO    homeapm: converted run 8dd99b5781263b258d9f665a30fe532f -> trace 0dd941832aa81610cb83f3792bd7c790 (7 spans)
2026-07-23 13:14:04,915 INFO    homeapm.ws: emitted trace for Hallway Lights 3AM (run 8dd99b5781263b258d9f665a30fe532f)
2026-07-23 13:14:28,192 INFO    homeapm: converted run 5e635f66f02f5686b3606d289f802585 -> trace dceab6b0e67aa73162652e9eb747e3ba (20 spans)
2026-07-23 13:14:28,193 INFO    homeapm.ws: emitted trace for Good Night (run 5e635f66f02f5686b3606d289f802585)
2026-07-23 13:14:49,078 INFO    homeapm: converted run de09111dd5161a204b624301962dd25d -> trace 892fa172b7ca20da5594795722784edf (5 spans)
2026-07-23 13:14:49,079 INFO    homeapm.ws: emitted trace for [sim] Battery Nudge (run de09111dd5161a204b624301962dd25d)
2026-07-23 13:14:49,130 INFO    homeapm: converted run c476b5390b05c87d42eb773a0695f353 -> trace 041fc57985a849dcfc3166f242454dc3 (10 spans)
2026-07-23 13:14:49,131 INFO    homeapm.ws: emitted trace for Garage Check (run c476b5390b05c87d42eb773a0695f353)
2026-07-23 13:15:02,303 INFO    homeapm: converted run 41c501954582053d5f979482cc22f242 -> trace 5bc7f5f384f6b4b404b466087c2c06ca (4 spans)
2026-07-23 13:15:02,303 INFO    homeapm.ws: emitted trace for [sim] Sensor Jitter (run 41c501954582053d5f979482cc22f242)
2026-07-23 13:15:58,594 INFO    homeapm: converted run ca2e49349b339656976b45e64d4f720f -> trace c5db27a46f8e014ab34d5f1e370f0c32 (8 spans)
2026-07-23 13:15:58,594 INFO    homeapm.ws: emitted trace for Morning Routine (run ca2e49349b339656976b45e64d4f720f)
2026-07-23 13:16:02,122 INFO    homeapm: converted run 721632b8ba333a010294485f56f20bc0 -> trace b1845aec60bd1adfe936c1681ac92474 (4 spans)
2026-07-23 13:16:02,122 INFO    homeapm.ws: emitted trace for [sim] Sensor Jitter (run 721632b8ba333a010294485f56f20bc0)
2026-07-23 13:16:04,637 INFO    homeapm: converted run dfee92981b084d9b5c77f64119259e89 -> trace 4fe233fedc888842364b4ccf205c4441 (7 spans)
2026-07-23 13:16:04,638 INFO    homeapm.ws: emitted trace for Hallway Lights 3AM (run dfee92981b084d9b5c77f64119259e89)
2026-07-23 13:16:29,315 INFO    homeapm: converted run aa4aa974268670cd902ab82d46ae283d -> trace 411792a0ae73654433340e79a247d462 (20 spans)
2026-07-23 13:16:29,316 INFO    homeapm.ws: emitted trace for Good Night (run aa4aa974268670cd902ab82d46ae283d)
2026-07-23 13:16:50,107 INFO    homeapm: converted run 6bfa7c6258391b8473d625846b49b3f5 -> trace cad3f8535ae2b04e1a2d5b4796c7d601 (5 spans)
2026-07-23 13:16:50,107 INFO    homeapm.ws: emitted trace for [sim] Battery Nudge (run 6bfa7c6258391b8473d625846b49b3f5)
2026-07-23 13:16:50,158 INFO    homeapm: converted run cf8114d341a36544289539e1a65c7168 -> trace 45a28e0c0397b3564816827475838a62 (10 spans)
2026-07-23 13:16:50,159 INFO    homeapm.ws: emitted trace for Garage Check (run cf8114d341a36544289539e1a65c7168)
2026-07-23 13:17:02,096 INFO    homeapm: converted run 834d4d8c355a4465ff3c6447b6fdae98 -> trace 5208e0e5ae1ef8c6e68dd5c73e4712de (4 spans)
2026-07-23 13:17:02,097 INFO    homeapm.ws: emitted trace for [sim] Sensor Jitter (run 834d4d8c355a4465ff3c6447b6fdae98)
2026-07-23 13:18:02,043 INFO    homeapm: converted run 01f539b5c6a51cfdd46005ab3b721a3f -> trace c6d95d590f5ae34bb9484ef55a4617a9 (4 spans)
2026-07-23 13:18:02,044 INFO    homeapm.ws: emitted trace for [sim] Sensor Jitter (run 01f539b5c6a51cfdd46005ab3b721a3f)
2026-07-23 13:18:04,505 INFO    homeapm: converted run c36d0541ba6268454229c9de4e243bb5 -> trace 3630544dfe473d2685cac59bf934caf6 (7 spans)
2026-07-23 13:18:04,506 INFO    homeapm.ws: emitted trace for Hallway Lights 3AM (run c36d0541ba6268454229c9de4e243bb5)
2026-07-23 13:18:29,198 INFO    homeapm: converted run dfda1186615e2c6b245bc73211f88ca8 -> trace 30cad5325b6a699cc2ad34700c1cea05 (20 spans)
2026-07-23 13:18:29,198 INFO    homeapm.ws: emitted trace for Good Night (run dfda1186615e2c6b245bc73211f88ca8)
2026-07-23 13:18:50,075 INFO    homeapm: converted run 0ccf37b50c53ab77e42173b181da1ec6 -> trace a0d7025f4e9252e416455e98d33717d1 (5 spans)
2026-07-23 13:18:50,076 INFO    homeapm.ws: emitted trace for [sim] Battery Nudge (run 0ccf37b50c53ab77e42173b181da1ec6)
2026-07-23 13:18:50,128 INFO    homeapm: converted run e51681c943eb6807e764be7014b9cb4c -> trace e074d766f90215ed1380b4316754b7f7 (10 spans)
2026-07-23 13:18:50,129 INFO    homeapm.ws: emitted trace for Garage Check (run e51681c943eb6807e764be7014b9cb4c)
2026-07-23 13:18:58,346 INFO    homeapm: converted run 43d3d134921a774e5445ab91e481c4e5 -> trace 923e5709eedae68bd5548ad57381fc25 (8 spans)
2026-07-23 13:18:58,346 INFO    homeapm.ws: emitted trace for Morning Routine (run 43d3d134921a774e5445ab91e481c4e5)
2026-07-23 13:19:02,005 INFO    homeapm: converted run 5cfbcacf5f597488d47203b500df3a10 -> trace 12d8f787df87d6ca365c1791ad85befa (4 spans)
2026-07-23 13:19:02,005 INFO    homeapm.ws: emitted trace for [sim] Sensor Jitter (run 5cfbcacf5f597488d47203b500df3a10)
2026-07-23 13:20:03,175 INFO    homeapm: converted run 6b20d957e4c35f668b92bbae97eb92dc -> trace 5287987fc146060c10f442c14268f1a1 (4 spans)
2026-07-23 13:20:03,176 INFO    homeapm.ws: emitted trace for [sim] Sensor Jitter (run 6b20d957e4c35f668b92bbae97eb92dc)
2026-07-23 13:20:04,445 INFO    homeapm: converted run cb1b9fad46c843df81c913fcb28cc0e8 -> trace 0f069dfef149ba0849adc8dbddedf1d3 (7 spans)
2026-07-23 13:20:04,446 INFO    homeapm.ws: emitted trace for Hallway Lights 3AM (run cb1b9fad46c843df81c913fcb28cc0e8)
2026-07-23 13:20:29,095 INFO    homeapm: converted run 8019d7ca18c52e39d94bf16c1cef2f58 -> trace cb9231432c42cf177dc66170cb1fd572 (20 spans)
2026-07-23 13:20:29,096 INFO    homeapm.ws: emitted trace for Good Night (run 8019d7ca18c52e39d94bf16c1cef2f58)
2026-07-23 13:20:49,957 INFO    homeapm: converted run 2a844545cbbaeb46f0269a06e9d105f1 -> trace 7b3a0b51b5728c53ce9905711cb4ee7c (5 spans)
2026-07-23 13:20:49,958 INFO    homeapm.ws: emitted trace for [sim] Battery Nudge (run 2a844545cbbaeb46f0269a06e9d105f1)
2026-07-23 13:20:50,009 INFO    homeapm: converted run cf887c71a05fc876d85888be1627f4e4 -> trace c8278e3489564ce963140a342a220404 (10 spans)
2026-07-23 13:20:50,009 INFO    homeapm.ws: emitted trace for Garage Check (run cf887c71a05fc876d85888be1627f4e4)
2026-07-23 13:21:03,142 INFO    homeapm: converted run 42b646702173211638480816c1225867 -> trace 6dbcbe714861915bb2bf209c048beb51 (4 spans)
2026-07-23 13:21:03,142 INFO    homeapm.ws: emitted trace for [sim] Sensor Jitter (run 42b646702173211638480816c1225867)
2026-07-23 13:21:58,339 INFO    homeapm: converted run 3399f07d3fa0be45b77983e929f10f7a -> trace 1fb6801bcc4b6593161f87150faa9e68 (8 spans)
2026-07-23 13:21:58,339 INFO    homeapm.ws: emitted trace for Morning Routine (run 3399f07d3fa0be45b77983e929f10f7a)
2026-07-23 13:22:03,078 INFO    homeapm: converted run 6d26c3a32765bfcfe9447d2400ae96c0 -> trace 8210080e10c0002f654c1f5a6357cbf1 (4 spans)
2026-07-23 13:22:03,078 INFO    homeapm.ws: emitted trace for [sim] Sensor Jitter (run 6d26c3a32765bfcfe9447d2400ae96c0)
2026-07-23 13:22:05,703 INFO    homeapm: converted run 6244d92bd07c3b4e9334519b504d13cd -> trace 4fea68d9e7336b47ac9924f81495265b (7 spans)
2026-07-23 13:22:05,703 INFO    homeapm.ws: emitted trace for Hallway Lights 3AM (run 6244d92bd07c3b4e9334519b504d13cd)
2026-07-23 13:22:29,098 INFO    homeapm: converted run 95411a8ac54c769c70efcf0db56eda70 -> trace 644e08724b139002b911190a62fd6931 (20 spans)
2026-07-23 13:22:29,099 INFO    homeapm.ws: emitted trace for Good Night (run 95411a8ac54c769c70efcf0db56eda70)
2026-07-23 13:22:49,988 INFO    homeapm: converted run 6e3932363d02b0f3bd0b61cdf5b92855 -> trace af146267c358e0b0274ecdea3a56240f (5 spans)
2026-07-23 13:22:49,989 INFO    homeapm.ws: emitted trace for [sim] Battery Nudge (run 6e3932363d02b0f3bd0b61cdf5b92855)
2026-07-23 13:22:50,050 INFO    homeapm: converted run dce701d271e09d68b702c1ea8f433ef0 -> trace d04c63eebbb33d86cb4e8771d82df4fa (10 spans)
2026-07-23 13:22:50,051 INFO    homeapm.ws: emitted trace for Garage Check (run dce701d271e09d68b702c1ea8f433ef0)
2026-07-23 13:23:02,969 INFO    homeapm: converted run 171e64b9eb2093a71737f194e4af0cb9 -> trace 30ceca0bd705931af31af1bb0c2fa7f3 (4 spans)
2026-07-23 13:23:02,969 INFO    homeapm.ws: emitted trace for [sim] Sensor Jitter (run 171e64b9eb2093a71737f194e4af0cb9)
2026-07-23 13:24:02,982 INFO    homeapm: converted run 9812a190536805fb400cd4ab013dd491 -> trace e39fc2f1556f07bc0f1d773556285be2 (4 spans)
2026-07-23 13:24:02,982 INFO    homeapm.ws: emitted trace for [sim] Sensor Jitter (run 9812a190536805fb400cd4ab013dd491)
2026-07-23 13:24:05,675 INFO    homeapm: converted run b2153347828ee6f67402186243e27caf -> trace 18e81e2df7480a5af0805ff226afc743 (7 spans)
2026-07-23 13:24:05,676 INFO    homeapm.ws: emitted trace for Hallway Lights 3AM (run b2153347828ee6f67402186243e27caf)
2026-07-23 13:24:29,027 INFO    homeapm: converted run 456078d7434afd374373441d91e814c3 -> trace f1c390bdada6109e947567bcfb02b123 (20 spans)
2026-07-23 13:24:29,027 INFO    homeapm.ws: emitted trace for Good Night (run 456078d7434afd374373441d91e814c3)
2026-07-23 13:24:49,895 INFO    homeapm: converted run 03ee0c524d47f93e1b9ca4e5d83dab9d -> trace b21da878522fa27a7cc36858605f19d0 (5 spans)
2026-07-23 13:24:49,895 INFO    homeapm.ws: emitted trace for [sim] Battery Nudge (run 03ee0c524d47f93e1b9ca4e5d83dab9d)
2026-07-23 13:24:49,958 INFO    homeapm: converted run 2015c2174ebdb4fc8ab4560a0fb29f02 -> trace b178430fca73ba53c01b089a482f8a10 (10 spans)
2026-07-23 13:24:49,958 INFO    homeapm.ws: emitted trace for Garage Check (run 2015c2174ebdb4fc8ab4560a0fb29f02)
2026-07-23 13:24:59,357 INFO    homeapm: converted run b751018db7039599e10bc168c64ecd73 -> trace ae8f7f491029f456335d6dc07dcd318d (8 spans)
2026-07-23 13:24:59,357 INFO    homeapm.ws: emitted trace for Morning Routine (run b751018db7039599e10bc168c64ecd73)
2026-07-23 13:25:02,974 INFO    homeapm: converted run 895bf2dfa4ff095b0b4c59402a6c2dbb -> trace 67f1874d363c3978679f76a802baf1e4 (4 spans)
2026-07-23 13:25:02,974 INFO    homeapm.ws: emitted trace for [sim] Sensor Jitter (run 895bf2dfa4ff095b0b4c59402a6c2dbb)
2026-07-23 13:26:02,710 INFO    homeapm: converted run b7568370b197e0f45d77b243c3c68a24 -> trace 98c1d919573eea1f17f733f267d43d1f (4 spans)
2026-07-23 13:26:02,710 INFO    homeapm.ws: emitted trace for [sim] Sensor Jitter (run b7568370b197e0f45d77b243c3c68a24)
2026-07-23 13:26:05,596 INFO    homeapm: converted run 708f11624cc412ede6e73bd73136ba25 -> trace f92129f71fc3e8ea59a28368a7e58c26 (7 spans)
2026-07-23 13:26:05,597 INFO    homeapm.ws: emitted trace for Hallway Lights 3AM (run 708f11624cc412ede6e73bd73136ba25)
2026-07-23 13:26:28,780 INFO    homeapm: converted run 336752b564915404e2f488b097b37e2b -> trace 4685752bafb92988d5f0432d71b8644e (20 spans)
2026-07-23 13:26:28,780 INFO    homeapm.ws: emitted trace for Good Night (run 336752b564915404e2f488b097b37e2b)
2026-07-23 13:26:49,702 INFO    homeapm: converted run c95dc12858341345096e1beb43dfc933 -> trace c68204b5dddd86d17417bbb25ac41df5 (5 spans)
2026-07-23 13:26:49,702 INFO    homeapm.ws: emitted trace for [sim] Battery Nudge (run c95dc12858341345096e1beb43dfc933)
2026-07-23 13:26:49,754 INFO    homeapm: converted run 91b35b377609fc811543ac80788ee1e7 -> trace 8e97cc6d5c7b704ebdcb0513b5518c89 (10 spans)
2026-07-23 13:26:49,754 INFO    homeapm.ws: emitted trace for Garage Check (run 91b35b377609fc811543ac80788ee1e7)
2026-07-23 13:27:02,763 INFO    homeapm: converted run 22fb24e70a08408c5be289f7775743a9 -> trace 82c4d47834970f8df28779228b7b47ce (4 spans)
2026-07-23 13:27:02,763 INFO    homeapm.ws: emitted trace for [sim] Sensor Jitter (run 22fb24e70a08408c5be289f7775743a9)
2026-07-23 13:27:59,633 INFO    homeapm: converted run 76ebd8ce901445e4c24488cbbe909b28 -> trace 76785c5ea466d6d856e29510506c3bc0 (8 spans)
2026-07-23 13:27:59,634 INFO    homeapm.ws: emitted trace for Morning Routine (run 76ebd8ce901445e4c24488cbbe909b28)
2026-07-23 13:28:02,483 INFO    homeapm: converted run a3817832613581cea4fac17b56e7f7d3 -> trace dd5f6887d111a973c389d524a20edafe (4 spans)
2026-07-23 13:28:02,484 INFO    homeapm.ws: emitted trace for [sim] Sensor Jitter (run a3817832613581cea4fac17b56e7f7d3)
2026-07-23 13:28:05,315 INFO    homeapm: converted run d9ce0b5d6bd92f21a1c6fa12866c0571 -> trace acafa1cb4966d88aee15463998c0b924 (7 spans)
2026-07-23 13:28:05,315 INFO    homeapm.ws: emitted trace for Hallway Lights 3AM (run d9ce0b5d6bd92f21a1c6fa12866c0571)
2026-07-23 13:28:30,084 INFO    homeapm: converted run 7936dcff88ef3cf145efde8d5351e054 -> trace 06f9a2f628bd66a5142c56bf0e3263f9 (20 spans)
2026-07-23 13:28:30,084 INFO    homeapm.ws: emitted trace for Good Night (run 7936dcff88ef3cf145efde8d5351e054)
2026-07-23 13:28:50,938 INFO    homeapm: converted run 09d4cd391de15ee9a145f1665cd01711 -> trace 208ad2a6180df368ce450634c14175a8 (5 spans)
2026-07-23 13:28:50,940 INFO    homeapm.ws: emitted trace for [sim] Battery Nudge (run 09d4cd391de15ee9a145f1665cd01711)
2026-07-23 13:28:50,992 INFO    homeapm: converted run 12f737946937b7df3836328992152f79 -> trace e6e94b40e7c62a9575c67be93970dd1e (10 spans)
2026-07-23 13:28:50,992 INFO    homeapm.ws: emitted trace for Garage Check (run 12f737946937b7df3836328992152f79)
2026-07-23 13:29:02,502 INFO    homeapm: converted run f9e39da935229f084ebebb106dcb48df -> trace f8635c5975d8aa33afaf35032fe884b3 (4 spans)
2026-07-23 13:29:02,502 INFO    homeapm.ws: emitted trace for [sim] Sensor Jitter (run f9e39da935229f084ebebb106dcb48df)
2026-07-23 13:30:02,260 INFO    homeapm: converted run 777280f165d96c8487a16c81943b570a -> trace ee7cb7c0ab18ca0dda6fffb07c97217d (4 spans)
2026-07-23 13:30:02,260 INFO    homeapm.ws: emitted trace for [sim] Sensor Jitter (run 777280f165d96c8487a16c81943b570a)
2026-07-23 13:30:05,105 INFO    homeapm: converted run 3cc7327f8c6d9d273bee3a03daa23730 -> trace 5bb7865533042230ea3b7ab42097534f (7 spans)
2026-07-23 13:30:05,106 INFO    homeapm.ws: emitted trace for Hallway Lights 3AM (run 3cc7327f8c6d9d273bee3a03daa23730)
2026-07-23 13:30:29,851 INFO    homeapm: converted run 3b1b66468d6beb6963c267a1d3e2b9a7 -> trace 8064a24aacd0519ab95d30027a4db7ba (20 spans)
2026-07-23 13:30:29,852 INFO    homeapm.ws: emitted trace for Good Night (run 3b1b66468d6beb6963c267a1d3e2b9a7)
2026-07-23 13:30:50,696 INFO    homeapm: converted run 9336840f2de1bcb73fb9111766f65c06 -> trace d53ea0097baf41b32df3c0fa0317599f (5 spans)
2026-07-23 13:30:50,697 INFO    homeapm.ws: emitted trace for [sim] Battery Nudge (run 9336840f2de1bcb73fb9111766f65c06)
2026-07-23 13:30:50,749 INFO    homeapm: converted run 394d541d2efc5976e2d2b841a447c68a -> trace f79d533f98ded7a964fbdc842ca2f721 (10 spans)
2026-07-23 13:30:50,750 INFO    homeapm.ws: emitted trace for Garage Check (run 394d541d2efc5976e2d2b841a447c68a)
2026-07-23 13:30:59,231 INFO    homeapm: converted run 2f69f2f44c93fa3eaf6745622b7f6dc5 -> trace 13484b4686a0de99b4e0d5a11b0b82ab (8 spans)
2026-07-23 13:30:59,233 INFO    homeapm.ws: emitted trace for Morning Routine (run 2f69f2f44c93fa3eaf6745622b7f6dc5)
2026-07-23 13:31:02,311 INFO    homeapm: converted run c22d1d727a06a9c075fac7fb758402b9 -> trace 75e7debc9aa5838603f385ee562412f8 (4 spans)
2026-07-23 13:31:02,311 INFO    homeapm.ws: emitted trace for [sim] Sensor Jitter (run c22d1d727a06a9c075fac7fb758402b9)
2026-07-23 13:32:03,544 INFO    homeapm: converted run 5bdea9e98e2180da3d6d036ccaa09dcc -> trace 18247ffe2fca0d18783f9bcb4825af82 (4 spans)
2026-07-23 13:32:03,545 INFO    homeapm.ws: emitted trace for [sim] Sensor Jitter (run 5bdea9e98e2180da3d6d036ccaa09dcc)
2026-07-23 13:32:04,933 INFO    homeapm: converted run 27ada95599fa6a72a62ac68cca2df24e -> trace 3e38e54e9fe475e29b13311380e6c42f (7 spans)
2026-07-23 13:32:04,934 INFO    homeapm.ws: emitted trace for Hallway Lights 3AM (run 27ada95599fa6a72a62ac68cca2df24e)
2026-07-23 13:32:29,660 INFO    homeapm: converted run fb01ae212cfb197ad695d1ba9051abb2 -> trace dc015cc085ab694b310b62796d2bc6ad (20 spans)
2026-07-23 13:32:29,660 INFO    homeapm.ws: emitted trace for Good Night (run fb01ae212cfb197ad695d1ba9051abb2)
2026-07-23 13:32:50,458 INFO    homeapm: converted run a38ef45a571bab45492f02650779b6f7 -> trace 095a3f9b41d14537d0c48188dc1b0047 (5 spans)
2026-07-23 13:32:50,458 INFO    homeapm.ws: emitted trace for [sim] Battery Nudge (run a38ef45a571bab45492f02650779b6f7)
2026-07-23 13:32:50,520 INFO    homeapm: converted run 9e8d82767fcce49f68128d2aa1e8f840 -> trace 9ac86e0d1eb4e8ab46793c0238a2a335 (10 spans)
2026-07-23 13:32:50,520 INFO    homeapm.ws: emitted trace for Garage Check (run 9e8d82767fcce49f68128d2aa1e8f840)
2026-07-23 13:33:03,409 INFO    homeapm: converted run 89b4750559ec809cb01f1ba7b59f66b9 -> trace 2ccbbf548ac916856d2a29d0f8b418f3 (4 spans)
2026-07-23 13:33:03,409 INFO    homeapm.ws: emitted trace for [sim] Sensor Jitter (run 89b4750559ec809cb01f1ba7b59f66b9)
2026-07-23 13:33:59,020 INFO    homeapm: converted run 5fede753ad8af3ae10cb6a6692e58d77 -> trace ecb5ddc497920f9b2891370c521fcbfd (8 spans)
2026-07-23 13:33:59,021 INFO    homeapm.ws: emitted trace for Morning Routine (run 5fede753ad8af3ae10cb6a6692e58d77)
2026-07-23 13:34:03,291 INFO    homeapm: converted run 0743041e2fcd1723006a8cd35e887e83 -> trace 15274c56053269883e81a15c6cb862f4 (4 spans)
2026-07-23 13:34:03,293 INFO    homeapm.ws: emitted trace for [sim] Sensor Jitter (run 0743041e2fcd1723006a8cd35e887e83)
2026-07-23 13:34:06,072 INFO    homeapm: converted run a8dea40a2fe99c9a03f659fa2f759d92 -> trace e778e8cb35dc1ae9df8878b68b45da1a (7 spans)
2026-07-23 13:34:06,072 INFO    homeapm.ws: emitted trace for Hallway Lights 3AM (run a8dea40a2fe99c9a03f659fa2f759d92)
2026-07-23 13:34:29,401 INFO    homeapm: converted run aee3f4144e59e56e524515be2094ee2e -> trace 2bf8578112bc24fb9d62323239b00410 (20 spans)
2026-07-23 13:34:29,401 INFO    homeapm.ws: emitted trace for Good Night (run aee3f4144e59e56e524515be2094ee2e)
2026-07-23 13:34:50,221 INFO    homeapm: converted run f2fa13f168fc209fabcb3f2b759aa3bd -> trace 19ea091178730b08b12ac0525a099d19 (5 spans)
2026-07-23 13:34:50,222 INFO    homeapm.ws: emitted trace for [sim] Battery Nudge (run f2fa13f168fc209fabcb3f2b759aa3bd)
2026-07-23 13:34:50,284 INFO    homeapm: converted run 712b83f3cb2c9a4ca058b2a79b63e9d1 -> trace 1c6e5a713728508bff3a82032e57cdee (10 spans)
2026-07-23 13:34:50,284 INFO    homeapm.ws: emitted trace for Garage Check (run 712b83f3cb2c9a4ca058b2a79b63e9d1)
2026-07-23 13:35:03,200 INFO    homeapm: converted run 2737b3a19c8f4b554104f5a6911c4a98 -> trace df10b1ef8ee390d98ecd563e7cea558b (4 spans)
2026-07-23 13:35:03,200 INFO    homeapm.ws: emitted trace for [sim] Sensor Jitter (run 2737b3a19c8f4b554104f5a6911c4a98)
2026-07-23 13:36:03,074 INFO    homeapm: converted run 9f34b9e2a9fc30cae34210d67ffc4ba0 -> trace dc80fd5e859c980721dc185c26ef3aa9 (4 spans)
2026-07-23 13:36:03,075 INFO    homeapm.ws: emitted trace for [sim] Sensor Jitter (run 9f34b9e2a9fc30cae34210d67ffc4ba0)
2026-07-23 13:36:05,896 INFO    homeapm: converted run 2f3894bb293bcb976b87e150767ad662 -> trace 440e78af5e812d68db8eb337da7a3169 (7 spans)
2026-07-23 13:36:05,897 INFO    homeapm.ws: emitted trace for Hallway Lights 3AM (run 2f3894bb293bcb976b87e150767ad662)
2026-07-23 13:36:29,199 INFO    homeapm: converted run b76ada940adbbfc81572bc2a61500a17 -> trace cf0604e62e043e8a40006a67816b9f26 (20 spans)
2026-07-23 13:36:29,199 INFO    homeapm.ws: emitted trace for Good Night (run b76ada940adbbfc81572bc2a61500a17)
2026-07-23 13:36:50,003 INFO    homeapm: converted run 6cff95362a05637f46ffb76200dd2d8e -> trace 2f03c2aab49486887c4e7bc7611fac9f (5 spans)
2026-07-23 13:36:50,003 INFO    homeapm.ws: emitted trace for [sim] Battery Nudge (run 6cff95362a05637f46ffb76200dd2d8e)
2026-07-23 13:36:50,054 INFO    homeapm: converted run 42737e9219297027526f4246ec1ccf62 -> trace 664d748a5dca7e1319843d74d45fed57 (10 spans)
2026-07-23 13:36:50,055 INFO    homeapm.ws: emitted trace for Garage Check (run 42737e9219297027526f4246ec1ccf62)
2026-07-23 13:37:00,121 INFO    homeapm: converted run a602a02b29f21cf265b84f39f78277ce -> trace 2b37c761180748ed313c74ecfb6b4f48 (8 spans)
2026-07-23 13:37:00,122 INFO    homeapm.ws: emitted trace for Morning Routine (run a602a02b29f21cf265b84f39f78277ce)
2026-07-23 13:37:03,005 INFO    homeapm: converted run f2fe34abf8457fa9f9fb087a01c991c4 -> trace 7d26dfd1a0f4b5062e8d55534282c6f1 (4 spans)
2026-07-23 13:37:03,006 INFO    homeapm.ws: emitted trace for [sim] Sensor Jitter (run f2fe34abf8457fa9f9fb087a01c991c4)
2026-07-23 13:38:02,861 INFO    homeapm: converted run 27e68d46115659ec874db59a0a000af9 -> trace 823b18eaf1837c9c6146cd0c194c5a5f (4 spans)
2026-07-23 13:38:02,862 INFO    homeapm.ws: emitted trace for [sim] Sensor Jitter (run 27e68d46115659ec874db59a0a000af9)
2026-07-23 13:38:05,672 INFO    homeapm: converted run e401c3fc9f4a99734fe12a8722908cb6 -> trace dbcacc511f37eae48301616df97c2612 (7 spans)
2026-07-23 13:38:05,672 INFO    homeapm.ws: emitted trace for Hallway Lights 3AM (run e401c3fc9f4a99734fe12a8722908cb6)
2026-07-23 13:38:28,981 INFO    homeapm: converted run 40bc8045414fecf4e3fd0fa24b6b8dea -> trace 155bbf8f914e939309411134d73b73be (20 spans)
2026-07-23 13:38:28,981 INFO    homeapm.ws: emitted trace for Good Night (run 40bc8045414fecf4e3fd0fa24b6b8dea)
2026-07-23 13:38:49,812 INFO    homeapm: converted run 5a357808e69fb1f139829a26d391c6ef -> trace ee5eafd1081b556a32f5ae1054ddcc20 (5 spans)
2026-07-23 13:38:49,812 INFO    homeapm.ws: emitted trace for [sim] Battery Nudge (run 5a357808e69fb1f139829a26d391c6ef)
2026-07-23 13:38:49,863 INFO    homeapm: converted run 631a7f3f5602b6d37d8d223bedf62ecc -> trace 7f6ebd82abed3a4df74c8f8ae4b20b63 (10 spans)
2026-07-23 13:38:49,863 INFO    homeapm.ws: emitted trace for Garage Check (run 631a7f3f5602b6d37d8d223bedf62ecc)
2026-07-23 13:39:02,693 INFO    homeapm: converted run ac92454c2b6e008d767d142b2c8f1bc9 -> trace be21a69e866b2442e65bc4122da182f4 (4 spans)
2026-07-23 13:39:02,693 INFO    homeapm.ws: emitted trace for [sim] Sensor Jitter (run ac92454c2b6e008d767d142b2c8f1bc9)
2026-07-23 13:39:59,856 INFO    homeapm: converted run 5510d9076553a0f4ab83534df1d8f535 -> trace 03f633b83b880a8261e38836083b6ffa (8 spans)
2026-07-23 13:39:59,857 INFO    homeapm.ws: emitted trace for Morning Routine (run 5510d9076553a0f4ab83534df1d8f535)
2026-07-23 13:40:02,594 INFO    homeapm: converted run c49c960ff063302167ee28e6f732b8dc -> trace 3ef2d1441d3bfeb5108205dfc3f03df4 (4 spans)
2026-07-23 13:40:02,595 INFO    homeapm.ws: emitted trace for [sim] Sensor Jitter (run c49c960ff063302167ee28e6f732b8dc)
2026-07-23 13:40:05,407 INFO    homeapm: converted run 04b5729ddebfac9f9878fbda4ef3b105 -> trace d7dcf65f456a61b0688de15af0c48c75 (7 spans)
2026-07-23 13:40:05,408 INFO    homeapm.ws: emitted trace for Hallway Lights 3AM (run 04b5729ddebfac9f9878fbda4ef3b105)
2026-07-23 13:40:30,144 INFO    homeapm: converted run 04cf72d71c164066132dafe896104b7c -> trace d36a096a760f91600ab7ed5b177c2446 (20 spans)
2026-07-23 13:40:30,144 INFO    homeapm.ws: emitted trace for Good Night (run 04cf72d71c164066132dafe896104b7c)
2026-07-23 13:40:51,019 INFO    homeapm: converted run 0d9e399983f09b58b3cef7b97891053e -> trace 9fa399aaa71ce77eb6f852d753c82b13 (5 spans)
2026-07-23 13:40:51,020 INFO    homeapm.ws: emitted trace for [sim] Battery Nudge (run 0d9e399983f09b58b3cef7b97891053e)
2026-07-23 13:40:51,082 INFO    homeapm: converted run 23455ab084272cea56528ad5472f9156 -> trace ad47a6480404e594cbfab8d888626564 (10 spans)
2026-07-23 13:40:51,082 INFO    homeapm.ws: emitted trace for Garage Check (run 23455ab084272cea56528ad5472f9156)
2026-07-23 13:41:02,488 INFO    homeapm: converted run 83590741d0438482784110cf2c012670 -> trace 87f8b5c21b74b624027eb0ac0c6c63e5 (4 spans)
2026-07-23 13:41:02,488 INFO    homeapm.ws: emitted trace for [sim] Sensor Jitter (run 83590741d0438482784110cf2c012670)
2026-07-23 13:42:02,383 INFO    homeapm: converted run d1bb14ee5c050ddddb2f63ce631b9960 -> trace e7b2f1232a7ef266734a85febb116c65 (4 spans)
2026-07-23 13:42:02,384 INFO    homeapm.ws: emitted trace for [sim] Sensor Jitter (run d1bb14ee5c050ddddb2f63ce631b9960)
2026-07-23 13:42:05,217 INFO    homeapm: converted run b2352ad7133c75f42ab8796592292693 -> trace 589476c6861a252b6518aa9b6d1ab43e (7 spans)
2026-07-23 13:42:05,217 INFO    homeapm.ws: emitted trace for Hallway Lights 3AM (run b2352ad7133c75f42ab8796592292693)
2026-07-23 13:42:29,971 INFO    homeapm: converted run bd2d677f0d3649097b491563234943cd -> trace 661d04609942b260dface15418671c58 (20 spans)
2026-07-23 13:42:29,973 INFO    homeapm.ws: emitted trace for Good Night (run bd2d677f0d3649097b491563234943cd)
2026-07-23 13:42:50,752 INFO    homeapm: converted run 9346eda0754621aaef6b20aded268728 -> trace cedf8bbcd5ce400245634ec7f30c240b (5 spans)
2026-07-23 13:42:50,752 INFO    homeapm.ws: emitted trace for [sim] Battery Nudge (run 9346eda0754621aaef6b20aded268728)
2026-07-23 13:42:50,805 INFO    homeapm: converted run b5484985994a64088c7c3faa7c3719de -> trace 4685cd370924cb9c8e7eb0c6d1f93c70 (10 spans)
2026-07-23 13:42:50,805 INFO    homeapm.ws: emitted trace for Garage Check (run b5484985994a64088c7c3faa7c3719de)
2026-07-23 13:42:59,481 INFO    homeapm: converted run 1e0ef06b0275c07edf424339b901ed51 -> trace e744d53da09edd31f204d83ec3b2ec30 (8 spans)
2026-07-23 13:42:59,482 INFO    homeapm.ws: emitted trace for Morning Routine (run 1e0ef06b0275c07edf424339b901ed51)
2026-07-23 13:43:02,220 INFO    homeapm: converted run 52b76d4e0cca9372f128232efe439fc8 -> trace b34ac07bf52364c2d869600368bf9cd3 (4 spans)
2026-07-23 13:43:02,220 INFO    homeapm.ws: emitted trace for [sim] Sensor Jitter (run 52b76d4e0cca9372f128232efe439fc8)
2026-07-23 13:44:03,586 INFO    homeapm: converted run 80ed166621be4ab4c9b42fb975dc2e3b -> trace c254055d7c963385206351763f9bbb19 (4 spans)
2026-07-23 13:44:03,586 INFO    homeapm.ws: emitted trace for [sim] Sensor Jitter (run 80ed166621be4ab4c9b42fb975dc2e3b)
2026-07-23 13:44:04,967 INFO    homeapm: converted run b5372290f7c606a15749ae76742eaad6 -> trace 2490bdb0a5fd4c5e5b00dce596c6dd4d (7 spans)
2026-07-23 13:44:04,968 INFO    homeapm.ws: emitted trace for Hallway Lights 3AM (run b5372290f7c606a15749ae76742eaad6)
2026-07-23 13:44:29,723 INFO    homeapm: converted run 79a9ac90b55f844b5201c55c9aa7fc0f -> trace aed9d00f70bc21b606b740df0abe735c (20 spans)
2026-07-23 13:44:29,723 INFO    homeapm.ws: emitted trace for Good Night (run 79a9ac90b55f844b5201c55c9aa7fc0f)
2026-07-23 13:44:50,545 INFO    homeapm: converted run cce67de5d7ca455c879b2b94629f959e -> trace ee3d2b87ad09431f4de14298f275a672 (5 spans)
2026-07-23 13:44:50,546 INFO    homeapm.ws: emitted trace for [sim] Battery Nudge (run cce67de5d7ca455c879b2b94629f959e)
2026-07-23 13:44:50,597 INFO    homeapm: converted run f73fe084e8a1952ca084c128a424ab5c -> trace c9637e1767022ff04140b97751e5352b (10 spans)
2026-07-23 13:44:50,597 INFO    homeapm.ws: emitted trace for Garage Check (run f73fe084e8a1952ca084c128a424ab5c)
2026-07-23 13:45:03,454 INFO    homeapm: converted run eacb0bbb115f40eb941a00cf890747cd -> trace cec39d0c5a9bb109a16b780d03ec22f5 (4 spans)
2026-07-23 13:45:03,454 INFO    homeapm.ws: emitted trace for [sim] Sensor Jitter (run eacb0bbb115f40eb941a00cf890747cd)
2026-07-23 13:45:59,139 INFO    homeapm: converted run d5412645be6516e9b65eb3a971d63f8a -> trace 8fca8af32d26087ff1c8e38d9ccd5e32 (8 spans)
2026-07-23 13:45:59,140 INFO    homeapm.ws: emitted trace for Morning Routine (run d5412645be6516e9b65eb3a971d63f8a)
2026-07-23 13:46:03,348 INFO    homeapm: converted run 58ecbbcf8c07b599b077c09675481806 -> trace b1f116c3bac9af14fae76c21a380c4b6 (4 spans)
2026-07-23 13:46:03,349 INFO    homeapm.ws: emitted trace for [sim] Sensor Jitter (run 58ecbbcf8c07b599b077c09675481806)
2026-07-23 13:46:06,215 INFO    homeapm: converted run 4422df731eed504d0702a2920571e522 -> trace f0d19a97e2c6031e9249fe2db4b9c162 (7 spans)
2026-07-23 13:46:06,215 INFO    homeapm.ws: emitted trace for Hallway Lights 3AM (run 4422df731eed504d0702a2920571e522)
2026-07-23 13:46:29,488 INFO    homeapm: converted run a8f8ca0f1bdea2ca4f4685a75e861985 -> trace a1ebaa7ee2bd10258812f35a98766a33 (20 spans)
2026-07-23 13:46:29,489 INFO    homeapm.ws: emitted trace for Good Night (run a8f8ca0f1bdea2ca4f4685a75e861985)
2026-07-23 13:46:50,311 INFO    homeapm: converted run 791aa594ce515c02d054979921721730 -> trace 353ef2a4a29eb209f8d1777021504319 (5 spans)
2026-07-23 13:46:50,313 INFO    homeapm.ws: emitted trace for [sim] Battery Nudge (run 791aa594ce515c02d054979921721730)
2026-07-23 13:46:50,365 INFO    homeapm: converted run 5cb0b79c5754919af5dfbd9336984961 -> trace 6df29ebfa8bfb5588c7bb73765c435ef (10 spans)
2026-07-23 13:46:50,365 INFO    homeapm.ws: emitted trace for Garage Check (run 5cb0b79c5754919af5dfbd9336984961)
2026-07-23 13:47:03,195 INFO    homeapm: converted run 3c1b32a6bb589050ea4c329d22ebb79f -> trace b3ae654fbad1221d157b1ff681c382f4 (4 spans)
2026-07-23 13:47:03,195 INFO    homeapm.ws: emitted trace for [sim] Sensor Jitter (run 3c1b32a6bb589050ea4c329d22ebb79f)
